result,left,right,rate,cross_times,wooparoo_get_time
7,3,6,30.0,3.3333333333333335,18.185333333333332
7,3,41,13.43,7.4460163812360385,39.7728965003723
7,6,41,13.26,7.541478129713424,39.91553544494721
7,3,40,13.16,7.598784194528875,40.54331306990881
7,3,75,13.16,7.598784194528875,40.54331306990881
7,6,40,13.0,7.6923076923076925,40.68692307692308
7,6,75,13.0,7.6923076923076925,40.68692307692308
7,3,144,13.16,7.598784194528875,40.91717325227963
7,3,153,13.16,7.598784194528875,40.91717325227963
7,3,240,13.16,7.598784194528875,40.91717325227963
2,2,16,92.0,1.0869565217391304,1.441304347826087
2,2,129,92.0,1.0869565217391304,1.441304347826087
2,2,355,92.0,1.0869565217391304,1.441304347826087
2,7,16,92.0,1.0869565217391304,1.441304347826087
2,7,129,92.0,1.0869565217391304,1.441304347826087
2,7,355,92.0,1.0869565217391304,1.441304347826087
2,16,129,90.25,1.10803324099723,2.3990027700831025
2,16,355,90.25,1.10803324099723,2.3990027700831025
2,129,355,90.25,1.10803324099723,2.3990027700831025
2,2,4014,17.43,5.737234652897303,2.987951807228916
6,6,50,49.74,2.010454362685967,6.409931644551667
6,6,179,49.74,2.010454362685967,6.409931644551667
6,6,630,49.74,2.010454362685967,6.409931644551667
6,5,50,38.25,2.6143790849673203,8.710849673202615
6,5,179,38.25,2.6143790849673203,8.710849673202615
6,5,630,38.25,2.6143790849673203,8.710849673202615
6,50,179,43.12,2.319109461966605,9.452226345083488
6,50,630,43.12,2.319109461966605,9.452226345083488
6,179,630,43.12,2.319109461966605,9.452226345083488
6,6,169,45.74,2.1862702229995628,9.65369479667687
3,3,24,35.81,2.7925160569673273,11.580843339849203
3,3,122,35.81,2.7925160569673273,11.580843339849203
3,3,300,35.81,2.7925160569673273,11.580843339849203
3,3,342,35.81,2.7925160569673273,11.580843339849203
3,3,384,35.81,2.7925160569673273,11.580843339849203
3,122,4,27.89,3.5855145213338115,15.93438508425959
3,300,4,27.89,3.5855145213338115,15.93438508425959
3,342,4,27.89,3.5855145213338115,15.93438508425959
3,384,4,27.89,3.5855145213338115,15.93438508425959
3,384,342,29.94,3.34001336005344,17.141616566466265
4,4,27,63.9,1.5649452269170578,6.253521126760563
4,4,149,63.9,1.5649452269170578,6.253521126760563
4,1,27,52.78,1.8946570670708602,6.7283061765820396
4,1,149,52.78,1.8946570670708602,6.7283061765820396
4,4,24,58.34,1.7140898183064792,7.761055879328077
4,4,122,58.34,1.7140898183064792,7.761055879328077
4,4,300,58.34,1.7140898183064792,7.761055879328077
4,4,342,58.34,1.7140898183064792,7.761055879328077
4,4,384,58.34,1.7140898183064792,7.761055879328077
4,27,149,57.42,1.7415534656913967,7.970741901776385
5,5,50,49.75,2.0100502512562812,6.697286432160803
5,5,179,49.75,2.0100502512562812,6.697286432160803
5,5,630,49.75,2.0100502512562812,6.697286432160803
5,6,50,38.26,2.6136957658128597,8.33324621014114
5,6,179,38.26,2.6136957658128597,8.33324621014114
5,6,630,38.26,2.6136957658128597,8.33324621014114
5,50,179,43.12,2.319109461966605,9.452226345083488
5,50,630,43.12,2.319109461966605,9.452226345083488
5,179,630,43.12,2.319109461966605,9.452226345083488
5,5,37,14.19,7.047216349541931,37.34249471458774
1,1,4003,17.48,5.720823798627002,2.967963386727689
1,1,4014,17.48,5.720823798627002,2.967963386727689
1,1,2,17.09,5.851375073142188,3.0052662375658277
1,1,17,17.09,5.851375073142188,3.03744880046811
1,1,175,17.09,5.851375073142188,3.03744880046811
1,1,19,17.09,5.851375073142188,3.056758338209479
1,1,348,17.09,5.851375073142188,3.0661205383265067
1,1,398,17.09,5.851375073142188,3.0661205383265067
1,2,4003,13.47,7.423904974016332,3.8663697104677057
1,2,4014,13.47,7.423904974016332,3.8663697104677057
10,10,45,26.15,3.824091778202677,30.607265774378586
10,10,491,26.15,3.824091778202677,30.689483747609945
10,10,159,26.15,3.824091778202677,30.7717017208413
10,10,192,26.15,3.824091778202677,30.7717017208413
10,10,529,26.15,3.824091778202677,30.7717017208413
10,2,10,20.56,4.863813229571985,33.42850194552529
10,6,10,20.32,4.921259842519685,33.520669291338585
10,10,169,25.1,3.98406374501992,33.69282868525896
10,10,4022,25.1,3.98406374501992,33.69282868525896
10,2,6,18.11,5.521811154058532,37.459966869133076
9,9,183,28.13,3.5549235691432637,16.296836118023464
9,9,116,28.13,3.5549235691432637,16.44116601493068
9,1,9,25.84,3.869969040247678,17.27941176470588
9,6,9,25.47,3.9261876717707107,17.377699254024343
9,8,9,24.65,4.056795131845842,18.45395537525355
9,1,6,22.86,4.374453193350831,19.247594050743658
9,1,183,22.69,4.407227853680035,19.834288232701628
9,1,8,22.47,4.4503782821539835,19.870939029817535
9,6,183,22.36,4.47227191413238,19.952146690518784
9,6,8,22.15,4.514672686230249,19.982392776523703
16,2,16,4.0,25.0,33.15
16,2,129,4.0,25.0,33.15
16,2,355,4.0,25.0,33.15
16,7,16,4.0,25.0,33.15
16,7,129,4.0,25.0,33.15
16,7,355,4.0,25.0,33.15
16,16,129,4.0,25.0,54.1275
16,16,355,4.0,25.0,54.1275
16,129,355,4.0,25.0,54.1275
16,1,634,4.0,25.0,145.895
24,3,24,4.0,25.0,103.6775
24,3,122,4.0,25.0,103.6775
24,3,300,4.0,25.0,103.6775
24,3,342,4.0,25.0,103.6775
24,3,384,4.0,25.0,103.6775
24,4,24,4.0,25.0,113.19500000000001
24,4,122,4.0,25.0,113.19500000000001
24,4,300,4.0,25.0,113.19500000000001
24,4,342,4.0,25.0,113.19500000000001
24,4,384,4.0,25.0,113.19500000000001
21,21,271,28.72,3.4818941504178276,10.053969359331477
21,21,354,28.72,3.4818941504178276,10.053969359331477
21,21,198,27.75,3.6036036036036037,10.405405405405407
21,21,261,27.75,3.6036036036036037,10.405405405405407
21,1,21,22.73,4.399472063352397,11.336999560052794
21,3,21,22.73,4.399472063352397,11.355477342718874
21,18,21,24.55,4.0733197556008145,11.761710794297352
21,271,354,23.74,4.212299915754002,12.163016006739682
21,271,3,20.58,4.8590864917395535,12.572400388726921
21,354,3,20.58,4.8590864917395535,12.572400388726921
26,26,152,23.85,4.192872117400419,18.693920335429766
26,26,248,23.85,4.192872117400419,18.693920335429766
26,26,351,23.85,4.192872117400419,18.983228511530395
26,3,26,19.1,5.2356020942408374,21.02879581151832
26,23,26,21.1,4.739336492890995,21.1303317535545
26,5,26,18.89,5.293806246691371,21.28268925357332
26,3,5,16.81,5.94883997620464,23.74301011302796
26,3,23,16.6,6.024096385542168,24.195783132530117
26,3,152,16.6,6.024096385542168,24.195783132530117
26,3,248,16.6,6.024096385542168,24.195783132530117
14,14,4018,15.4,6.4935064935064934,52.076623376623374
14,14,167,15.13,6.609385327164573,52.89755452742894
14,14,199,15.13,6.609385327164573,52.89755452742894
14,14,320,15.13,6.609385327164573,52.89755452742894
14,14,142,15.13,6.609385327164573,52.955056179775276
14,14,347,15.13,6.609385327164573,52.98413747521481
14,14,67,15.13,6.609385327164573,53.12756113681427
14,14,221,15.13,6.609385327164573,53.12756113681427
14,7,14,12.74,7.849293563579278,60.401883830455255
14,14,135,12.54,7.974481658692185,60.74481658692185
8,8,183,28.13,3.5549235691432637,16.296836118023464
8,8,9,27.87,3.588087549336204,16.32185145317546
8,8,116,28.13,3.5549235691432637,16.44116601493068
8,1,8,25.84,3.869969040247678,17.27941176470588
8,6,8,25.47,3.9261876717707107,17.377699254024343
8,1,6,22.86,4.374453193350831,19.247594050743658
8,1,183,22.69,4.407227853680035,19.834288232701628
8,1,9,22.47,4.4503782821539835,19.870939029817535
8,6,183,22.36,4.47227191413238,19.952146690518784
8,6,9,22.15,4.514672686230249,19.982392776523703
20,20,4011,17.86,5.599104143337066,37.493281075027994
20,20,48,17.47,5.724098454493418,37.9129937034917
20,20,210,17.47,5.724098454493418,37.9129937034917
20,20,128,17.47,5.724098454493418,38.68975386376646
20,20,296,17.47,5.724098454493418,38.68975386376646
20,20,308,17.47,5.724098454493418,38.68975386376646
20,20,366,17.47,5.724098454493418,38.68975386376646
20,2,20,14.72,6.7934782608695645,42.20855978260869
20,3,20,14.72,6.7934782608695645,42.2235054347826
20,2,4011,13.06,7.656967840735069,48.0895865237366
36,16,129,1.75,57.142857142857146,123.72
36,16,355,1.75,57.142857142857146,123.72
36,129,355,1.75,57.142857142857146,123.72
36,50,179,1.75,57.142857142857146,232.90285714285716
36,50,630,1.75,57.142857142857146,232.90285714285716
36,179,630,1.75,57.142857142857146,232.90285714285716
36,27,149,1.75,57.142857142857146,261.5314285714286
36,384,122,1.75,57.142857142857146,293.2685714285715
36,384,300,1.75,57.142857142857146,293.2685714285715
36,384,342,1.75,57.142857142857146,293.2685714285715
17,17,4003,24.04,4.159733777038269,2.699251247920133
17,17,4014,24.04,4.159733777038269,2.699251247920133
17,17,175,23.4,4.273504273504273,2.7585470085470085
17,17,19,23.4,4.273504273504273,2.7777777777777777
17,17,348,23.4,4.273504273504273,2.787179487179487
17,17,398,23.4,4.273504273504273,2.787179487179487
17,4003,4014,19.6,5.1020408163265305,3.348469387755102
17,4003,175,19.04,5.2521008403361344,3.4269957983193278
17,4014,175,19.04,5.2521008403361344,3.4269957983193278
17,1,17,15.11,6.618133686300464,3.4354731965585708
15,15,148,22.21,4.5024763619991,36.56821251688429
15,15,120,21.66,4.616805170821792,37.02770083102494
15,7,15,20.71,4.8285852245292125,38.146788990825684
15,6,15,19.26,5.192107995846313,38.40809968847352
15,6,7,17.18,5.820721769499418,42.36554132712457
15,7,148,18.02,5.549389567147614,43.91620421753608
15,6,148,16.75,5.970149253731344,44.23820895522388
15,7,120,17.54,5.701254275940707,44.525085518814144
15,6,120,16.34,6.119951040391677,44.834761321909426
15,120,148,16.26,6.1500615006150054,48.86592865928659
18,18,271,28.73,3.4806822137138878,10.050469892098851
18,18,354,28.73,3.4806822137138878,10.050469892098851
18,18,21,27.77,3.6010082823190492,10.397911415196255
18,18,198,27.77,3.6010082823190492,10.397911415196255
18,18,261,27.77,3.6010082823190492,10.397911415196255
18,1,18,22.73,4.399472063352397,11.336999560052794
18,3,18,22.73,4.399472063352397,11.355477342718874
18,271,354,23.78,4.205214465937763,12.142556770395291
18,271,3,20.58,4.8590864917395535,12.572400388726921
18,354,3,20.58,4.8590864917395535,12.572400388726921
19,19,4003,24.03,4.161464835622139,2.739076154806492
19,19,4014,24.03,4.161464835622139,2.739076154806492
19,19,175,23.37,4.278990158322635,2.8005990586221645
19,19,348,23.37,4.278990158322635,2.8292682926829267
19,19,398,23.37,4.278990158322635,2.8292682926829267
19,17,19,20.66,4.84027105517909,3.1461761858664086
19,4003,4014,19.6,5.1020408163265305,3.348469387755102
19,4003,175,19.03,5.254860746190226,3.428796636889122
19,4014,17,19.03,5.254860746190226,3.428796636889122
19,4014,175,19.03,5.254860746190226,3.428796636889122
22,22,4006,16.16,6.188118811881188,39.97215346534654
22,22,49,15.84,6.313131313131313,40.739267676767675
22,22,138,15.74,6.353240152477763,40.78017789072427
22,22,336,15.74,6.353240152477763,40.860864040660736
22,22,445,15.74,6.353240152477763,40.941550190597205
22,22,4022,15.81,6.325110689437065,41.52371916508539
22,22,272,15.74,6.353240152477763,41.667725540025415
22,2,22,12.56,7.961783439490445,47.17834394904458
22,4,22,12.43,8.045052292839904,47.94448913917941
22,22,135,12.29,8.136696501220506,50.54109031733117
12,12,4015,29.94,3.34001336005344,26.84101536406145
12,12,39,28.94,3.455425017277125,27.76848652384243
12,12,191,28.94,3.455425017277125,27.76848652384243
12,12,241,28.94,3.455425017277125,27.76848652384243
12,7,12,25.01,3.9984006397441023,29.345861655337867
12,1,12,24.37,4.103405826836274,29.354944604021338
12,7,4015,22.5,4.444444444444445,32.516444444444446
12,1,7,21.9,4.566210045662101,32.53059360730594
12,1,4015,21.9,4.566210045662101,32.53059360730594
12,4015,241,23.87,4.189359028068705,33.666527021365724
11,11,4010,12.38,8.077544426494345,92.79563812600968
11,11,4012,12.38,8.077544426494345,92.79563812600968
11,11,92,12.22,8.183306055646481,93.95335515548281
11,11,431,12.03,8.31255195344971,95.44056525353284
11,11,123,12.03,8.31255195344971,95.55610972568579
11,11,189,12.03,8.31255195344971,95.55610972568579
11,11,276,12.03,8.31255195344971,95.55610972568579
11,11,169,11.88,8.417508417508417,98.55723905723906
11,6,11,8.42,11.876484560570072,110.35866983372921
11,4,11,8.42,11.876484560570072,111.5475059382423
30,30,4005,20.25,4.938271604938271,47.056790123456786
30,30,38,19.77,5.058168942842691,48.199291856348005
30,30,130,19.77,5.058168942842691,48.199291856348005
30,30,222,19.77,5.058168942842691,48.199291856348005
30,30,225,19.77,5.058168942842691,48.199291856348005
30,30,293,19.77,5.058168942842691,48.199291856348005
30,7,30,17.19,5.817335660267597,52.19953461314718
30,3,30,16.88,5.924170616113744,52.24822274881517
30,30,146,17.13,5.837711617046118,56.289550496205486
30,7,4005,15.31,6.531678641410842,58.530372305682555
13,13,69,24.04,4.159733777038269,36.046589018302825
13,13,4004,24.04,4.159733777038269,36.046589018302825
13,13,4016,24.04,4.159733777038269,36.046589018302825
13,13,187,23.39,4.275331338178709,37.03377511757161
13,13,548,23.39,4.275331338178709,37.053014108593416
13,13,213,23.39,4.275331338178709,37.06241983753741
13,13,223,23.39,4.275331338178709,37.06241983753741
13,7,13,19.26,5.192107995846313,40.97040498442367
13,5,13,18.59,5.3792361484669176,41.38084991931146
13,4016,4004,19.6,5.1020408163265305,44.25
27,1,27,4.0,25.0,88.78
27,1,149,4.0,25.0,88.78
27,4,27,4.0,25.0,99.9
27,4,149,4.0,25.0,99.9
27,27,149,4.0,25.0,114.42000000000002
27,17,4,4.0,25.0,148.9875
27,175,4,4.0,25.0,148.9875
27,1,4006,4.0,25.0,149.0175
27,19,4,4.0,25.0,149.0275
27,2,149,4.0,25.0,149.03
28,28,4007,26.81,3.729951510630362,30.68295412159642
28,28,4020,26.81,3.729951510630362,30.68295412159642
28,28,29,26.53,3.769317753486619,31.082924990576704
28,28,203,25.99,3.8476337052712584,31.409003462870334
28,28,166,25.99,3.8476337052712584,31.87071950750289
28,28,367,25.99,3.8476337052712584,31.89957676029242
28,2,28,20.52,4.8732943469785575,35.10867446393762
28,5,28,20.28,4.930966469428007,35.38806706114398
28,4007,4020,22.04,4.537205081669692,37.94736842105263
28,4020,29,21.79,4.589261128958238,38.47498852684718
38,38,4005,20.22,4.945598417408506,47.12660731948566
38,38,130,19.75,5.063291139240507,48.24810126582279
38,38,222,19.75,5.063291139240507,48.24810126582279
38,38,225,19.75,5.063291139240507,48.24810126582279
38,38,293,19.75,5.063291139240507,48.24810126582279
38,7,38,17.19,5.817335660267597,52.19953461314718
38,3,38,16.88,5.924170616113744,52.24822274881517
38,30,38,17.47,5.724098454493418,54.54493417286778
38,38,146,17.09,5.851375073142188,56.421299005266235
38,7,4005,15.31,6.531678641410842,58.530372305682555
34,1,24,4.0,25.0,173.565
34,1,34,4.0,25.0,173.565
34,1,122,4.0,25.0,173.565
34,1,300,4.0,25.0,173.565
34,1,342,4.0,25.0,173.565
34,1,384,4.0,25.0,173.565
34,1,516,4.0,25.0,173.565
34,3,34,4.0,25.0,173.63500000000002
34,3,149,4.0,25.0,173.63500000000002
34,3,516,4.0,25.0,173.63500000000002
25,25,37,19.99,5.002501250625313,27.550775387693847
25,25,204,19.37,5.162622612287041,28.351574599896743
25,25,341,19.37,5.162622612287041,28.391843056272585
25,25,51,19.54,5.117707267144319,28.4150460593654
25,5,25,17.52,5.707762557077626,30.53310502283105
25,4,25,17.52,5.707762557077626,30.898972602739725
25,5,37,15.59,6.414368184733804,33.98909557408595
25,4,37,15.59,6.414368184733804,34.40987812700449
25,4,5,15.34,6.51890482398957,34.61734028683181
25,37,204,15.59,6.414368184733804,34.620269403463766
23,23,26,23.88,4.1876046901172534,18.670435510887774
23,23,152,23.88,4.1876046901172534,18.670435510887774
23,23,248,23.88,4.1876046901172534,18.670435510887774
23,23,351,23.88,4.1876046901172534,18.959380234505865
23,3,23,19.1,5.2356020942408374,21.02879581151832
23,5,23,18.89,5.293806246691371,21.28268925357332
23,3,5,16.81,5.94883997620464,23.74301011302796
23,3,26,16.6,6.024096385542168,24.195783132530117
23,3,152,16.6,6.024096385542168,24.195783132530117
23,3,248,16.6,6.024096385542168,24.195783132530117
56,56,77,67.29,1.4861049190072817,9.07356219349086
56,56,209,67.29,1.4861049190072817,9.07356219349086
56,56,311,67.29,1.4861049190072817,9.07356219349086
56,3,77,57.9,1.7271157167530224,9.531433506044905
56,3,209,57.9,1.7271157167530224,9.531433506044905
56,3,311,57.9,1.7271157167530224,9.531433506044905
56,77,209,61.6,1.6233766233766234,10.690909090909091
56,77,311,61.6,1.6233766233766234,10.690909090909091
56,209,311,61.6,1.6233766233766234,10.690909090909091
56,56,135,37.69,2.6532236667551077,23.041655611568057
31,6,70,12.5,8.0,133.956
31,5,62,12.5,8.0,133.9984
31,5,346,12.5,8.0,133.9984
31,5,4019,12.5,8.0,133.9984
31,4,622,12.5,8.0,134.0624
31,4,4008,12.5,8.0,134.0624
31,7,131,12.5,8.0,134.148
31,7,4021,12.5,8.0,134.148
31,204,120,12.5,8.0,136.0512
31,341,120,12.5,8.0,136.0696
39,39,4015,29.92,3.3422459893048124,26.85895721925133
39,39,191,28.91,3.459010722933241,27.79730197163611
39,39,241,28.91,3.459010722933241,27.79730197163611
39,7,39,25.01,3.9984006397441023,29.345861655337867
39,1,39,24.37,4.103405826836274,29.354944604021338
39,12,39,25.58,3.9093041438623928,31.415949960906957
39,7,4015,22.5,4.444444444444445,32.516444444444446
39,1,7,21.9,4.566210045662101,32.53059360730594
39,1,4015,21.9,4.566210045662101,32.53059360730594
39,4015,241,23.85,4.192872117400419,33.69475890985324
33,18,169,3.0,33.333333333333336,357.28333333333336
33,21,169,3.0,33.333333333333336,357.28333333333336
33,169,198,3.0,33.333333333333336,358.0966666666667
33,169,261,3.0,33.333333333333336,358.0966666666667
33,169,271,3.0,33.333333333333336,359.0066666666667
33,169,354,3.0,33.333333333333336,359.0066666666667
33,169,4013,3.0,33.333333333333336,359.0066666666667
33,27,4022,3.0,33.333333333333336,361.24
33,149,4022,3.0,33.333333333333336,361.24
33,149,203,3.0,33.333333333333336,367.8566666666667
41,6,18,3.0,33.333333333333336,160.58333333333334
41,6,21,3.0,33.333333333333336,160.58333333333334
41,6,198,3.0,33.333333333333336,160.58333333333334
41,6,261,3.0,33.333333333333336,160.58333333333334
41,6,271,3.0,33.333333333333336,161.27333333333334
41,6,354,3.0,33.333333333333336,161.27333333333334
41,6,4013,3.0,33.333333333333336,161.27333333333334
41,1,41,3.0,33.333333333333336,161.78333333333336
41,1,75,3.0,33.333333333333336,161.78333333333336
41,1,4013,3.0,33.333333333333336,161.78333333333336
42,18,169,3.75,26.666666666666668,285.8266666666667
42,21,169,3.75,26.666666666666668,285.8266666666667
42,169,198,3.75,26.666666666666668,286.4773333333334
42,169,261,3.75,26.666666666666668,286.4773333333334
42,169,271,3.75,26.666666666666668,287.2053333333334
42,169,354,3.75,26.666666666666668,287.2053333333334
42,169,4013,3.75,26.666666666666668,287.2053333333334
42,27,4022,3.75,26.666666666666668,288.992
42,149,4022,3.75,26.666666666666668,288.992
42,149,203,3.75,26.666666666666668,294.28533333333337
57,57,126,26.79,3.732736095558044,28.90742814483016
57,57,216,26.79,3.732736095558044,28.90742814483016
57,2,57,24.61,4.063388866314506,30.336854937017474
57,56,57,23.7,4.219409282700422,32.02573839662447
57,57,4022,29.63,3.374957813027337,34.20485993925076
57,2,126,21.41,4.670714619336758,34.871088276506306
57,2,216,21.41,4.670714619336758,34.871088276506306
57,57,136,28.64,3.4916201117318435,35.80656424581006
57,56,126,20.62,4.849660523763336,36.809408341416095
57,56,216,20.62,4.849660523763336,36.809408341416095
66,23,7,3.0,33.333333333333336,284.12
66,26,7,3.0,33.333333333333336,284.12
66,152,7,3.0,33.333333333333336,284.12
66,248,7,3.0,33.333333333333336,284.12
66,5,66,3.0,33.333333333333336,284.45666666666665
66,5,539,3.0,33.333333333333336,284.45666666666665
66,5,4005,3.0,33.333333333333336,284.45666666666665
66,3,539,3.0,33.333333333333336,284.77000000000004
66,3,4004,3.0,33.333333333333336,284.77000000000004
66,3,4016,3.0,33.333333333333336,284.77000000000004
59,59,278,21.13,4.73260766682442,44.306672976810226
59,59,206,21.13,4.73260766682442,44.479413156649315
59,59,218,21.13,4.73260766682442,44.479413156649315
59,6,59,18.97,5.271481286241434,47.3537163943068
59,56,59,18.69,5.350454788657036,48.91813804173354
59,59,169,23.56,4.244482173174873,51.148132427843805
59,59,136,22.92,4.363001745200698,52.795811518324605
59,6,56,16.5,6.0606060606060606,53.65636363636364
59,6,278,16.5,6.0606060606060606,54.21757575757576
59,6,218,16.5,6.0606060606060606,54.442424242424245
58,58,374,23.84,4.194630872483222,46.51132550335571
58,58,125,23.84,4.194630872483222,46.56879194630873
58,58,217,23.84,4.194630872483222,46.56879194630873
58,7,58,22.32,4.480286738351254,49.438172043010745
58,56,58,21.09,4.74158368895211,51.14414414414415
58,58,136,23.86,4.191114836546522,52.28248113998324
58,7,56,19.41,5.151983513652756,55.9881504379186
58,7,374,19.41,5.151983513652756,56.77485832045337
58,7,125,19.41,5.151983513652756,56.8500772797527
58,7,217,19.41,5.151983513652756,56.8500772797527
51,51,204,19.37,5.162622612287041,28.351574599896743
51,51,341,19.37,5.162622612287041,28.391843056272585
51,37,51,18.1,5.524861878453038,30.16629834254143
51,5,51,17.52,5.707762557077626,30.53310502283105
51,4,51,17.52,5.707762557077626,30.898972602739725
51,25,51,17.29,5.78368999421631,32.11278195488722
51,5,37,15.59,6.414368184733804,33.98909557408595
51,4,37,15.59,6.414368184733804,34.40987812700449
51,4,5,15.34,6.51890482398957,34.61734028683181
51,37,204,15.59,6.414368184733804,34.620269403463766
62,6,167,3.0,33.333333333333336,321.2733333333333
62,6,199,3.0,33.333333333333336,321.2733333333333
62,6,320,3.0,33.333333333333336,321.2733333333333
62,6,142,3.0,33.333333333333336,321.4066666666667
62,6,347,3.0,33.333333333333336,321.47333333333336
62,6,62,3.0,33.333333333333336,321.5133333333334
62,6,346,3.0,33.333333333333336,321.5133333333334
62,6,4018,3.0,33.333333333333336,321.5133333333334
62,6,4019,3.0,33.333333333333336,321.5133333333334
62,6,221,3.0,33.333333333333336,321.8066666666667
61,137,386,3.0,33.333333333333336,400.0366666666667
61,137,528,3.0,33.333333333333336,410.12333333333333
61,162,634,3.0,33.333333333333336,410.4433333333334
61,195,634,3.0,33.333333333333336,410.6566666666667
61,523,632,3.0,33.333333333333336,427.1666666666667
61,523,634,3.0,33.333333333333336,427.1666666666667
61,523,4015,3.0,33.333333333333336,427.1666666666667
61,632,4022,3.0,33.333333333333336,427.1666666666667
61,191,523,3.0,33.333333333333336,427.42666666666673
61,241,523,3.0,33.333333333333336,427.42666666666673
29,29,4007,9.98,10.02004008016032,84.21142284569137
29,29,4020,9.98,10.02004008016032,84.21142284569137
29,29,203,9.65,10.362694300518134,86.35544041450777
29,29,166,9.65,10.362694300518134,87.65284974093265
29,29,367,9.65,10.362694300518134,87.73471502590674
29,2,29,7.46,13.404825737265416,97.34718498659518
29,5,29,7.37,13.568521031207599,98.14111261872456
29,28,29,8.36,11.961722488038278,98.63995215311004
29,4007,4020,7.87,12.706480304955527,106.27191867852603
29,4020,203,7.6,13.157894736842106,109.10263157894738
52,52,171,13.98,7.15307582260372,38.502145922746784
52,52,87,13.75,7.2727272727272725,38.935272727272725
52,52,181,13.75,7.2727272727272725,38.935272727272725
52,52,194,13.75,7.2727272727272725,38.935272727272725
52,52,333,13.75,7.2727272727272725,38.964363636363636
52,52,338,13.75,7.2727272727272725,39.02181818181818
52,52,517,13.75,7.2727272727272725,39.22254545454545
52,52,93,13.75,7.2727272727272725,39.739636363636365
52,1,52,11.47,8.718395815170009,43.9180470793374
52,5,52,11.4,8.771929824561402,44.18245614035087
65,18,169,2.5,40.0,428.74
65,21,169,2.5,40.0,428.74
65,169,198,2.5,40.0,429.716
65,169,261,2.5,40.0,429.716
65,169,271,2.5,40.0,430.80800000000005
65,169,354,2.5,40.0,430.80800000000005
65,169,4013,2.5,40.0,430.80800000000005
65,27,4022,2.5,40.0,433.48799999999994
65,149,4022,2.5,40.0,433.48799999999994
65,149,203,2.5,40.0,441.428
40,40,41,23.8,4.201680672268908,26.775210084033613
40,40,75,23.14,4.32152117545376,27.376836646499566
40,40,144,23.14,4.32152117545376,27.664217804667246
40,40,153,23.14,4.32152117545376,27.664217804667246
40,40,240,23.14,4.32152117545376,27.664217804667246
40,41,75,18.86,5.302226935312832,33.99946977730647
40,41,144,18.86,5.302226935312832,34.37327677624602
40,41,153,18.86,5.302226935312832,34.37327677624602
40,41,240,18.86,5.302226935312832,34.37327677624602
40,3,40,15.13,6.609385327164573,35.264375413086576
55,137,386,5.0,20.0,240.022
55,137,528,5.0,20.0,246.07399999999998
55,162,634,5.0,20.0,246.266
55,195,634,5.0,20.0,246.39399999999998
55,523,632,5.0,20.0,256.3
55,523,634,5.0,20.0,256.3
55,523,4015,5.0,20.0,256.3
55,632,4022,5.0,20.0,256.3
55,191,523,5.0,20.0,256.456
55,241,523,5.0,20.0,256.456
45,45,491,18.97,5.271481286241434,42.39957828149711
45,45,159,18.97,5.271481286241434,42.515023721665784
45,45,192,18.97,5.271481286241434,42.515023721665784
45,45,529,18.97,5.271481286241434,42.515023721665784
45,2,45,14.8,6.756756756756756,46.4331081081081
45,45,169,18.23,5.4854635216675804,46.48217224355457
45,45,4022,18.23,5.4854635216675804,46.48217224355457
45,6,45,14.62,6.839945280437757,46.58481532147743
45,10,45,16.49,6.064281382656156,48.53729533050334
45,2,6,12.94,7.727975270479135,52.42658423493045
35,35,171,14.0,7.142857142857143,40.06285714285714
35,35,52,13.78,7.25689404934688,40.46081277213353
35,35,87,13.78,7.25689404934688,40.46081277213353
35,35,181,13.78,7.25689404934688,40.46081277213353
35,35,194,13.78,7.25689404934688,40.46081277213353
35,35,333,13.78,7.25689404934688,40.48984034833092
35,35,338,13.78,7.25689404934688,40.54716981132076
35,35,517,13.78,7.25689404934688,40.747460087082736
35,1,35,11.47,8.718395815170009,44.833478639930256
35,5,35,11.4,8.771929824561402,45.09736842105262
50,6,50,4.0,25.0,79.7075
50,6,179,4.0,25.0,79.7075
50,6,630,4.0,25.0,79.7075
50,5,50,4.0,25.0,83.2975
50,5,179,4.0,25.0,83.2975
50,5,630,4.0,25.0,83.2975
50,50,179,4.0,25.0,101.895
50,50,630,4.0,25.0,101.895
50,179,630,4.0,25.0,101.895
50,6,248,4.0,25.0,156.1675
49,49,4006,16.12,6.203473945409429,40.071339950372206
49,49,138,15.71,6.365372374283895,40.858052196053464
49,49,336,15.71,6.365372374283895,40.93889242520687
49,49,445,15.71,6.365372374283895,41.01973265436028
49,49,4022,15.79,6.3331222292590255,41.57631412286258
49,49,272,15.71,6.365372374283895,41.74729471674093
49,22,49,14.0,7.142857142857143,46.09357142857143
49,2,49,12.56,7.961783439490445,47.17834394904458
49,4,49,12.43,8.045052292839904,47.94448913917941
49,49,135,12.29,8.136696501220506,50.54109031733117
48,48,4011,17.8,5.617977528089887,37.61966292134831
48,48,210,17.45,5.730659025787966,37.956446991404015
48,48,128,17.45,5.730659025787966,38.73409742120344
48,48,296,17.45,5.730659025787966,38.73409742120344
48,48,308,17.45,5.730659025787966,38.73409742120344
48,48,366,17.45,5.730659025787966,38.73409742120344
48,2,48,14.72,6.7934782608695645,42.20855978260869
48,3,48,14.72,6.7934782608695645,42.2235054347826
48,20,48,15.43,6.480881399870382,42.92546986390149
48,2,4011,13.06,7.656967840735069,48.0895865237366
81,2,81,4.0,25.0,217.99249999999998
81,2,263,4.0,25.0,217.99249999999998
81,2,535,4.0,25.0,217.99249999999998
81,2,4018,4.0,25.0,217.99249999999998
81,138,7,4.0,25.0,218.07750000000001
81,2,167,4.0,25.0,218.155
81,2,199,4.0,25.0,218.155
81,2,320,4.0,25.0,218.155
81,2,142,4.0,25.0,218.24499999999998
81,2,347,4.0,25.0,218.29000000000002
76,359,628,2.5,40.0,617.04
76,359,632,2.5,40.0,617.04
76,359,4005,2.5,40.0,617.04
76,30,359,2.5,40.0,617.3040000000001
76,38,359,2.5,40.0,617.3040000000001
76,130,359,2.5,40.0,617.3040000000001
76,222,359,2.5,40.0,617.3040000000001
76,225,359,2.5,40.0,617.3040000000001
76,293,359,2.5,40.0,617.3040000000001
76,628,137,2.5,40.0,617.456
77,3,77,4.0,25.0,137.9675
77,3,209,4.0,25.0,137.9675
77,3,311,4.0,25.0,137.9675
77,56,77,4.0,25.0,152.64
77,56,209,4.0,25.0,152.64
77,56,311,4.0,25.0,152.64
77,77,209,4.0,25.0,164.64000000000001
77,77,311,4.0,25.0,164.64000000000001
77,209,311,4.0,25.0,164.64000000000001
77,261,56,4.0,25.0,178.44
72,5,172,3.0,33.333333333333336,368.58
72,1,622,3.0,33.333333333333336,369.0433333333334
72,1,4008,3.0,33.333333333333336,369.0433333333334
72,7,73,3.0,33.333333333333336,369.56000000000006
72,135,560,3.0,33.333333333333336,371.08000000000004
72,6,186,3.0,33.333333333333336,371.2166666666667
72,6,373,3.0,33.333333333333336,371.2166666666667
72,5,4013,3.0,33.333333333333336,371.3666666666667
72,1,560,3.0,33.333333333333336,371.44000000000005
72,3,73,3.0,33.333333333333336,371.4566666666667
112,6,17,2.0,50.0,325.72999999999996
112,6,175,2.0,50.0,325.72999999999996
112,6,19,2.0,50.0,325.76
112,6,348,2.0,50.0,325.77500000000003
112,6,398,2.0,50.0,325.77500000000003
112,6,112,2.0,50.0,326.76500000000004
112,6,379,2.0,50.0,326.76500000000004
112,6,4003,2.0,50.0,326.76500000000004
112,6,4014,2.0,50.0,326.76500000000004
112,2,9,2.0,50.0,327.26
67,67,4018,15.34,6.51890482398957,52.28031290743155
67,67,167,15.07,6.635700066357001,53.108161911081616
67,67,199,15.07,6.635700066357001,53.108161911081616
67,67,320,15.07,6.635700066357001,53.108161911081616
67,67,142,15.07,6.635700066357001,53.165892501658924
67,67,347,15.07,6.635700066357001,53.1950895819509
67,67,221,15.07,6.635700066357001,53.33908427339084
67,14,67,13.33,7.501875468867217,60.301575393848466
67,7,67,12.74,7.849293563579278,60.401883830455255
67,67,135,12.54,7.974481658692185,60.74481658692185
74,74,158,17.47,5.724098454493418,71.8860904407556
74,74,298,17.47,5.724098454493418,71.8860904407556
74,74,310,17.47,5.724098454493418,71.8860904407556
74,74,397,17.47,5.724098454493418,71.91471093302805
74,74,378,17.47,5.724098454493418,72.259874069834
74,74,286,17.47,5.724098454493418,72.60503720663996
74,5,74,12.68,7.886435331230284,85.69637223974763
74,56,74,12.56,7.961783439490445,87.04299363057325
74,158,310,13.44,7.440476190476191,93.44122023809524
74,298,310,13.44,7.440476190476191,93.44122023809524
68,70,135,3.0,33.333333333333336,368.75333333333333
68,167,162,3.0,33.333333333333336,381.99666666666667
68,199,162,3.0,33.333333333333336,381.99666666666667
68,320,162,3.0,33.333333333333336,381.99666666666667
68,142,162,3.0,33.333333333333336,382.21000000000004
68,167,195,3.0,33.333333333333336,382.21000000000004
68,199,195,3.0,33.333333333333336,382.21000000000004
68,320,195,3.0,33.333333333333336,382.21000000000004
68,347,162,3.0,33.333333333333336,382.3166666666667
68,4018,162,3.0,33.333333333333336,382.37333333333333
135,7,135,100.0,1.0,6.75
135,135,4022,74.93,1.3345789403443213,7.075403710129454
135,2,135,67.48,1.4819205690574984,7.116923532898636
135,2,4022,64.48,1.5508684863523572,7.1363213399503715
135,135,169,62.4,1.6025641025641026,8.243589743589745
135,6,169,50.26,1.9896538002387585,8.785515320334262
135,135,355,68.82,1.4530659691950016,8.962946817785529
135,16,135,66.77,1.4976785981728322,9.032349857720535
135,129,135,66.77,1.4976785981728322,9.032349857720535
135,4022,355,64.28,1.5556938394523958,9.122744243932793
95,95,190,21.13,4.73260766682442,50.81069569332703
95,95,317,21.13,4.73260766682442,50.81069569332703
95,95,360,21.13,4.73260766682442,50.81069569332703
95,95,136,23.86,4.191114836546522,54.32062028499581
95,4,95,18.97,5.271481286241434,54.84238270954138
95,56,95,18.69,5.350454788657036,55.815409309791335
95,95,300,21.78,4.591368227731864,59.64187327823691
95,95,311,21.78,4.591368227731864,59.64187327823691
95,95,342,21.78,4.591368227731864,59.64187327823691
95,95,384,21.78,4.591368227731864,59.64187327823691
136,136,209,49.74,2.010454362685967,25.01186168073984
136,136,311,49.74,2.010454362685967,25.01186168073984
136,77,136,47.07,2.1244954323348204,26.232207350754194
136,136,146,46.7,2.141327623126338,26.412205567451817
136,56,136,33.33,3.0003000300030003,26.96939693969397
136,135,136,33.33,3.0003000300030003,27.034503450345035
136,77,146,40.94,2.442598925256473,29.63580850024426
136,56,135,28.98,3.450655624568668,29.966873706004144
136,146,209,38.27,2.613012803762738,31.45910634962111
136,146,311,38.27,2.613012803762738,31.45910634962111
121,1,167,2.0,50.0,486.97999999999996
121,1,199,2.0,50.0,486.97999999999996
121,1,320,2.0,50.0,486.97999999999996
121,1,142,2.0,50.0,487.205
121,1,121,2.0,50.0,487.24499999999995
121,1,385,2.0,50.0,487.24499999999995
121,1,406,2.0,50.0,487.24499999999995
121,1,4018,2.0,50.0,487.24499999999995
121,1,347,2.0,50.0,487.32
121,4,4015,2.0,50.0,487.81999999999994
132,6,27,2.0,50.0,431.10999999999996
132,6,132,2.0,50.0,431.10999999999996
132,6,149,2.0,50.0,431.10999999999996
132,4,8,2.0,50.0,431.47
132,4,9,2.0,50.0,431.47
132,4,183,2.0,50.0,432.64500000000004
132,1,132,2.0,50.0,432.82
132,1,4010,2.0,50.0,432.82
132,1,4012,2.0,50.0,432.82
132,4,116,2.0,50.0,433.615
131,6,204,2.0,50.0,459.375
131,6,341,2.0,50.0,459.55
131,6,37,2.0,50.0,461.25999999999993
131,6,131,2.0,50.0,461.25999999999993
131,6,4021,2.0,50.0,461.25999999999993
131,6,25,2.0,50.0,461.32
131,6,51,2.0,50.0,461.32
131,5,4010,2.0,50.0,462.15999999999997
131,5,4012,2.0,50.0,462.15999999999997
131,5,4021,2.0,50.0,462.15999999999997
75,75,144,23.13,4.32338953739732,27.676178123648945
75,75,153,23.13,4.32338953739732,27.676178123648945
75,75,240,23.13,4.32338953739732,27.676178123648945
75,41,75,21.65,4.618937644341802,29.618013856812937
75,40,75,20.46,4.887585532746823,30.962854349951126
75,41,144,18.83,5.310674455655869,34.428040361125866
75,41,153,18.83,5.310674455655869,34.428040361125866
75,41,240,18.83,5.310674455655869,34.428040361125866
75,40,41,18.3,5.46448087431694,34.822404371584696
75,3,75,15.13,6.609385327164573,35.264375413086576
108,108,635,26.54,3.7678975131876413,30.642426525998495
108,108,133,25.72,3.888024883359254,31.790824261275276
108,108,280,25.72,3.888024883359254,31.877138413685852
108,1,108,23.63,4.23190859077444,33.48286077020737
108,56,108,22.75,4.395604395604396,35.25670329670329
108,1,635,21.23,4.710315591144607,37.11964201601507
108,1,56,20.55,4.866180048661801,38.1639902676399
108,635,133,21.1,4.739336492890995,38.55071090047393
108,1,133,20.55,4.866180048661801,38.61362530413626
108,635,280,21.1,4.739336492890995,38.66303317535545
125,125,374,23.84,4.194630872483222,46.51132550335571
125,125,217,23.84,4.194630872483222,46.56879194630873
125,7,125,22.32,4.480286738351254,49.438172043010745
125,56,125,21.09,4.74158368895211,51.14414414414415
125,125,136,23.84,4.194630872483222,52.3263422818792
125,58,125,21.09,4.74158368895211,52.641062114746326
125,7,56,19.41,5.151983513652756,55.9881504379186
125,7,374,19.41,5.151983513652756,56.77485832045337
125,7,58,19.41,5.151983513652756,56.8500772797527
125,7,217,19.41,5.151983513652756,56.8500772797527
146,24,146,84.0,1.1904761904761905,12.785714285714286
146,122,146,84.0,1.1904761904761905,12.785714285714286
146,146,300,84.0,1.1904761904761905,12.785714285714286
146,146,342,84.0,1.1904761904761905,12.785714285714286
146,146,384,84.0,1.1904761904761905,12.785714285714286
146,3,146,43.07,2.3218017181332713,16.23241235198514
146,135,146,40.35,2.4783147459727384,17.967038413878562
146,3,135,37.45,2.6702269692923895,18.14312416555407
146,146,209,49.73,2.0108586366378445,24.209531469937666
146,146,311,49.73,2.0108586366378445,24.209531469937666
137,137,4003,37.8,2.6455026455026456,14.609523809523811
137,137,4014,37.8,2.6455026455026456,14.609523809523811
137,137,4022,37.8,2.6455026455026456,14.609523809523811
137,137,175,37.13,2.6932399676811203,14.645300296256396
137,137,348,37.13,2.6932399676811203,14.656881228117424
137,137,398,37.13,2.6932399676811203,14.656881228117424
137,17,137,33.75,2.962962962962963,14.874666666666666
137,19,137,33.75,2.962962962962963,14.892148148148147
137,4003,4022,32.0,3.125,15.031249999999998
137,4014,4022,32.0,3.125,15.031249999999998
93,93,171,13.98,7.15307582260372,40.11945636623748
93,93,181,13.75,7.2727272727272725,40.54909090909091
93,93,194,13.75,7.2727272727272725,40.54909090909091
93,93,333,13.75,7.2727272727272725,40.57818181818182
93,93,338,13.75,7.2727272727272725,40.63563636363636
93,93,517,13.75,7.2727272727272725,40.836363636363636
93,1,93,11.47,8.718395815170009,44.833478639930256
93,52,93,12.16,8.223684210526315,44.93585526315789
93,87,93,12.16,8.223684210526315,44.93585526315789
93,5,93,11.4,8.771929824561402,45.09736842105262
122,3,24,4.0,25.0,103.6775
122,3,122,4.0,25.0,103.6775
122,3,300,4.0,25.0,103.6775
122,3,342,4.0,25.0,103.6775
122,3,384,4.0,25.0,103.6775
122,4,24,4.0,25.0,113.19500000000001
122,4,122,4.0,25.0,113.19500000000001
122,4,300,4.0,25.0,113.19500000000001
122,4,342,4.0,25.0,113.19500000000001
122,4,384,4.0,25.0,113.19500000000001
120,120,148,42.27,2.365744026496333,18.797255736929262
120,7,120,40.34,2.4789291026276645,19.35969261279127
120,6,120,37.57,2.6616981634282673,19.499600745275487
120,15,120,38.33,2.6089225150013045,20.924080354813466
120,6,7,34.36,2.910360884749709,21.182770663562284
120,7,15,36.04,2.774694783573807,21.920643729189788
120,7,148,36.04,2.774694783573807,21.95810210876804
120,6,15,33.5,2.985074626865672,22.08179104477612
120,6,148,33.5,2.985074626865672,22.11910447761194
120,15,148,34.19,2.9248318221702254,23.75489909330214
126,126,216,26.79,3.732736095558044,28.90742814483016
126,2,126,24.61,4.063388866314506,30.336854937017474
126,56,126,23.7,4.219409282700422,32.02573839662447
126,57,126,23.7,4.219409282700422,32.676371308016876
126,126,4022,29.62,3.3760972316002698,34.21640783254557
126,2,57,21.41,4.670714619336758,34.871088276506306
126,2,216,21.41,4.670714619336758,34.871088276506306
126,126,136,28.62,3.4940600978336827,35.83158630328442
126,56,57,20.62,4.849660523763336,36.809408341416095
126,56,216,20.62,4.849660523763336,36.809408341416095
130,130,4005,20.22,4.945598417408506,47.12660731948566
130,130,222,19.75,5.063291139240507,48.24810126582279
130,130,225,19.75,5.063291139240507,48.24810126582279
130,130,293,19.75,5.063291139240507,48.24810126582279
130,7,130,17.19,5.817335660267597,52.19953461314718
130,3,130,16.88,5.924170616113744,52.24822274881517
130,30,130,17.47,5.724098454493418,54.54493417286778
130,38,130,17.47,5.724098454493418,54.54493417286778
130,130,146,17.09,5.851375073142188,56.421299005266235
130,7,4005,15.31,6.531678641410842,58.530372305682555
169,6,169,4.0,25.0,110.39000000000001
169,135,169,4.0,25.0,128.6
169,3,169,4.0,25.0,161.005
169,6,146,4.0,25.0,161.6025
169,40,135,4.0,25.0,162.28
169,75,135,4.0,25.0,162.28
169,41,135,4.0,25.0,163.04000000000002
169,135,144,4.0,25.0,163.825
169,135,153,4.0,25.0,163.825
169,135,240,4.0,25.0,163.825
171,35,93,5.0,20.0,118.544
92,92,4010,12.36,8.090614886731393,92.9457928802589
92,92,4012,12.36,8.090614886731393,92.9457928802589
92,92,431,12.01,8.32639467110741,95.59950041631973
92,92,123,12.01,8.32639467110741,95.71523730224813
92,92,189,12.01,8.32639467110741,95.71523730224813
92,92,276,12.01,8.32639467110741,95.71523730224813
92,92,169,11.86,8.431703204047217,98.72344013490725
92,11,92,10.78,9.27643784786642,106.50371057513915
92,6,92,8.42,11.876484560570072,110.35866983372921
92,4,92,8.42,11.876484560570072,111.5475059382423
144,144,153,23.13,4.32338953739732,28.252053610030266
144,144,240,23.13,4.32338953739732,28.252053610030266
144,41,144,21.65,4.618937644341802,29.943648960739033
144,40,144,20.46,4.887585532746823,31.28787878787879
144,75,144,20.46,4.887585532746823,31.28787878787879
144,41,75,18.83,5.310674455655869,34.05363781200213
144,41,153,18.83,5.310674455655869,34.428040361125866
144,41,240,18.83,5.310674455655869,34.428040361125866
144,40,41,18.3,5.46448087431694,34.822404371584696
144,3,144,15.13,6.609385327164573,35.589557171183074
153,153,240,23.13,4.32338953739732,28.252053610030266
153,41,153,21.65,4.618937644341802,29.943648960739033
153,40,153,20.46,4.887585532746823,31.28787878787879
153,75,153,20.46,4.887585532746823,31.28787878787879
153,144,153,20.46,4.887585532746823,31.938905180840663
153,153,6,16.8,5.9523809523809526,32.39047619047619
153,41,75,18.83,5.310674455655869,34.05363781200213
153,41,144,18.83,5.310674455655869,34.428040361125866
153,41,240,18.83,5.310674455655869,34.428040361125866
153,40,41,18.3,5.46448087431694,34.822404371584696
162,162,169,47.48,2.106149957877001,31.7295703454086
162,162,179,47.48,2.106149957877001,31.7295703454086
162,162,630,47.48,2.106149957877001,31.7295703454086
162,50,162,44.93,2.2256843979523704,33.58713554417984
162,162,195,31.32,3.1928480204342273,34.00925925925926
162,5,162,28.32,3.5310734463276834,34.96680790960452
162,135,162,27.7,3.6101083032490977,36.368953068592056
162,50,169,41.12,2.4319066147859925,38.181906614785994
162,169,179,41.12,2.4319066147859925,38.181906614785994
162,169,630,41.12,2.4319066147859925,38.181906614785994
87,87,171,13.98,7.15307582260372,38.502145922746784
87,87,181,13.75,7.2727272727272725,38.935272727272725
87,87,194,13.75,7.2727272727272725,38.935272727272725
87,87,333,13.75,7.2727272727272725,38.964363636363636
87,87,338,13.75,7.2727272727272725,39.02181818181818
87,87,517,13.75,7.2727272727272725,39.22254545454545
87,87,93,13.75,7.2727272727272725,39.739636363636365
87,1,87,11.47,8.718395815170009,43.9180470793374
87,52,87,12.16,8.223684210526315,44.02631578947368
87,5,87,11.4,8.771929824561402,44.18245614035087
152,152,248,23.85,4.192872117400419,18.693920335429766
152,152,351,23.85,4.192872117400419,18.983228511530395
152,3,152,19.1,5.2356020942408374,21.02879581151832
152,23,152,21.1,4.739336492890995,21.1303317535545
152,26,152,21.1,4.739336492890995,21.1303317535545
152,5,152,18.89,5.293806246691371,21.28268925357332
152,3,5,16.81,5.94883997620464,23.74301011302796
152,3,23,16.6,6.024096385542168,24.195783132530117
152,3,26,16.6,6.024096385542168,24.195783132530117
152,3,248,16.6,6.024096385542168,24.195783132530117
159,159,491,18.97,5.271481286241434,42.86136004217185
159,159,192,18.97,5.271481286241434,42.97680548234053
159,159,529,18.97,5.271481286241434,42.97680548234053
159,2,159,14.8,6.756756756756756,46.69391891891892
159,6,159,14.62,6.839945280437757,46.84473324213406
159,159,169,18.23,5.4854635216675804,46.94404827207899
159,159,4022,18.23,5.4854635216675804,46.94404827207899
159,45,159,16.78,5.959475566150179,48.0637663885578
159,10,159,16.49,6.064281382656156,48.798059429957554
159,2,6,12.94,7.727975270479135,52.42658423493045
177,359,628,5.0,20.0,308.52
177,359,632,5.0,20.0,308.52
177,359,4005,5.0,20.0,308.52
177,30,359,5.0,20.0,308.65200000000004
177,38,359,5.0,20.0,308.65200000000004
177,130,359,5.0,20.0,308.65200000000004
177,222,359,5.0,20.0,308.65200000000004
177,225,359,5.0,20.0,308.65200000000004
177,293,359,5.0,20.0,308.65200000000004
177,628,137,5.0,20.0,308.728
116,116,183,20.47,4.885197850512946,23.15388373229116
116,1,116,18.63,5.367686527106817,24.38539989264627
116,6,116,18.37,5.443658138268916,24.513881328252584
116,8,116,17.77,5.627462014631401,26.026449071468768
116,9,116,17.77,5.627462014631401,26.026449071468768
116,1,6,16.32,6.127450980392156,26.96078431372549
116,1,183,16.2,6.172839506172839,27.780246913580246
116,1,8,16.05,6.230529595015576,27.819314641744548
116,1,9,16.05,6.230529595015576,27.819314641744548
116,6,183,15.97,6.261740763932373,27.935504070131493
186,5,18,2.0,50.0,291.675
186,5,21,2.0,50.0,291.675
186,5,198,2.0,50.0,291.675
186,5,261,2.0,50.0,291.675
186,1,186,2.0,50.0,292.18
186,1,373,2.0,50.0,292.18
186,3,52,2.0,50.0,292.205
186,3,87,2.0,50.0,292.205
186,3,181,2.0,50.0,292.205
186,3,194,2.0,50.0,292.205
179,6,50,4.0,25.0,79.7075
179,6,179,4.0,25.0,79.7075
179,6,630,4.0,25.0,79.7075
179,5,50,4.0,25.0,83.2975
179,5,179,4.0,25.0,83.2975
179,5,630,4.0,25.0,83.2975
179,50,179,4.0,25.0,101.895
179,50,630,4.0,25.0,101.895
179,179,630,4.0,25.0,101.895
179,6,248,4.0,25.0,156.1675
133,133,635,26.54,3.7678975131876413,30.815373021853805
133,133,280,25.72,3.888024883359254,32.049766718507
133,1,133,23.63,4.23190859077444,33.58061785865426
133,56,133,22.75,4.395604395604396,35.35428571428572
133,108,133,22.75,4.395604395604396,35.941098901098904
133,1,635,21.23,4.710315591144607,37.11964201601507
133,1,56,20.55,4.866180048661801,38.1639902676399
133,635,108,21.1,4.739336492890995,38.438862559241706
133,1,108,20.55,4.866180048661801,38.50121654501217
133,635,280,21.1,4.739336492890995,38.66303317535545
190,190,317,21.13,4.73260766682442,50.81069569332703
190,190,360,21.13,4.73260766682442,50.81069569332703
190,4,190,18.97,5.271481286241434,54.84238270954138
190,56,190,18.69,5.350454788657036,55.815409309791335
190,95,190,18.69,5.350454788657036,57.44408774745853
190,190,209,21.76,4.595588235294118,59.696691176470594
190,190,300,21.76,4.595588235294118,59.696691176470594
190,190,311,21.76,4.595588235294118,59.696691176470594
190,190,342,21.76,4.595588235294118,59.696691176470594
190,190,384,21.76,4.595588235294118,59.696691176470594
195,195,630,47.47,2.106593638087213,31.96692647988203
195,50,195,44.92,2.226179875333927,33.724844167408726
195,169,195,44.92,2.226179875333927,33.724844167408726
195,179,195,44.92,2.226179875333927,33.724844167408726
195,5,195,28.32,3.5310734463276834,35.097104519774014
195,135,195,27.7,3.6101083032490977,36.49891696750903
195,50,169,41.12,2.4319066147859925,38.181906614785994
195,169,179,41.12,2.4319066147859925,38.181906614785994
195,169,630,41.12,2.4319066147859925,38.181906614785994
195,162,195,27.7,3.6101083032490977,38.45379061371841
187,187,4004,24.03,4.161464835622139,36.061589679567206
187,187,4016,24.03,4.161464835622139,36.061589679567206
187,187,548,23.37,4.278990158322635,37.08472400513479
187,187,213,23.37,4.278990158322635,37.0941377834831
187,187,223,23.37,4.278990158322635,37.0941377834831
187,69,187,21.87,4.572473708276177,39.639689071787835
187,7,187,19.26,5.192107995846313,40.97040498442367
187,5,187,18.59,5.3792361484669176,41.38084991931146
187,13,187,20.67,4.837929366231252,41.907111756168355
187,4016,4004,19.6,5.1020408163265305,44.25
123,123,4010,24.04,4.159733777038269,47.904326123128115
123,123,4012,24.04,4.159733777038269,47.904326123128115
123,123,431,23.37,4.278990158322635,49.24689773213521
123,123,189,23.37,4.278990158322635,49.30466409927257
123,123,276,23.37,4.278990158322635,49.30466409927257
123,123,169,23.05,4.3383947939262475,50.91323210412148
123,11,123,21.26,4.703668861712135,54.070555032925675
123,92,123,21.26,4.703668861712135,54.070555032925675
123,6,123,16.66,6.002400960384153,55.98739495798319
123,4,123,16.66,6.002400960384153,56.58043217286914
198,198,271,28.72,3.4818941504178276,10.053969359331477
198,198,354,28.72,3.4818941504178276,10.053969359331477
198,198,261,27.75,3.6036036036036037,10.405405405405407
198,1,198,22.73,4.399472063352397,11.336999560052794
198,3,198,22.73,4.399472063352397,11.355477342718874
198,18,198,24.55,4.0733197556008145,11.761710794297352
198,21,198,24.55,4.0733197556008145,11.761710794297352
198,271,354,23.74,4.212299915754002,12.163016006739682
198,271,3,20.58,4.8590864917395535,12.572400388726921
198,354,3,20.58,4.8590864917395535,12.572400388726921
194,194,333,13.75,7.2727272727272725,38.964363636363636
194,194,338,13.75,7.2727272727272725,39.02181818181818
194,194,517,13.75,7.2727272727272725,39.22254545454545
194,171,194,12.56,7.961783439490445,43.12579617834395
194,1,194,11.47,8.718395815170009,43.9180470793374
194,52,194,12.16,8.223684210526315,44.02631578947368
194,87,194,12.16,8.223684210526315,44.02631578947368
194,181,194,12.16,8.223684210526315,44.02631578947368
194,5,194,11.4,8.771929824561402,44.18245614035087
194,93,194,12.16,8.223684210526315,45.851151315789465
128,128,4011,17.8,5.617977528089887,39.178089887640446
128,128,210,17.45,5.730659025787966,39.51518624641834
128,128,296,17.45,5.730659025787966,40.29283667621777
128,128,308,17.45,5.730659025787966,40.29283667621777
128,128,366,17.45,5.730659025787966,40.29283667621777
128,2,128,14.72,6.7934782608695645,43.088994565217384
128,3,128,14.72,6.7934782608695645,43.1039402173913
128,20,128,15.43,6.480881399870382,43.8049254698639
128,48,128,15.43,6.480881399870382,43.8049254698639
128,2,4011,13.06,7.656967840735069,48.0895865237366
129,2,16,4.0,25.0,33.15
129,2,129,4.0,25.0,33.15
129,2,355,4.0,25.0,33.15
129,7,16,4.0,25.0,33.15
129,7,129,4.0,25.0,33.15
129,7,355,4.0,25.0,33.15
129,16,129,4.0,25.0,54.1275
129,16,355,4.0,25.0,54.1275
129,129,355,4.0,25.0,54.1275
129,1,634,4.0,25.0,145.895
209,3,77,4.0,25.0,137.9675
209,3,209,4.0,25.0,137.9675
209,3,311,4.0,25.0,137.9675
209,56,77,4.0,25.0,152.64
209,56,209,4.0,25.0,152.64
209,56,311,4.0,25.0,152.64
209,77,209,4.0,25.0,164.64000000000001
209,77,311,4.0,25.0,164.64000000000001
209,209,311,4.0,25.0,164.64000000000001
209,261,56,4.0,25.0,178.44
204,204,341,26.65,3.75234521575985,20.189118198874297
204,37,204,25.12,3.9808917197452227,21.486066878980893
204,5,204,24.32,4.1118421052631575,21.750822368421048
204,4,204,24.32,4.1118421052631575,22.011513157894736
204,25,204,23.99,4.168403501458942,22.891621508962068
204,51,204,23.99,4.168403501458942,22.891621508962068
204,5,37,21.84,4.5787545787545785,24.262362637362635
204,4,37,21.84,4.5787545787545785,24.562728937728934
204,4,5,21.49,4.653327128897161,24.710563052582597
204,37,341,21.84,4.5787545787545785,24.750457875457872
216,2,216,24.61,4.063388866314506,30.336854937017474
216,56,216,23.7,4.219409282700422,32.02573839662447
216,57,216,23.7,4.219409282700422,32.676371308016876
216,126,216,23.7,4.219409282700422,32.676371308016876
216,216,4022,29.62,3.3760972316002698,34.21640783254557
216,2,57,21.41,4.670714619336758,34.871088276506306
216,2,126,21.41,4.670714619336758,34.871088276506306
216,56,57,20.62,4.849660523763336,36.809408341416095
216,56,126,20.62,4.849660523763336,36.809408341416095
216,57,126,20.62,4.849660523763336,37.5572259941804
202,52,56,4.0,25.0,212.91000000000003
202,56,87,4.0,25.0,213.575
202,56,181,4.0,25.0,213.575
202,56,194,4.0,25.0,213.575
202,56,333,4.0,25.0,213.6225
202,56,338,4.0,25.0,213.715
202,5,108,4.0,25.0,213.725
202,5,202,4.0,25.0,213.82500000000002
202,5,309,4.0,25.0,213.82500000000002
202,5,635,4.0,25.0,213.82500000000002
217,217,374,23.84,4.194630872483222,46.51132550335571
217,7,217,22.32,4.480286738351254,49.438172043010745
217,56,217,21.09,4.74158368895211,51.14414414414415
217,217,136,23.84,4.194630872483222,52.3263422818792
217,58,217,21.09,4.74158368895211,52.641062114746326
217,125,217,21.09,4.74158368895211,52.641062114746326
217,7,56,19.41,5.151983513652756,55.9881504379186
217,7,374,19.41,5.151983513652756,56.77485832045337
217,7,58,19.41,5.151983513652756,56.8500772797527
217,7,125,19.41,5.151983513652756,56.8500772797527
218,218,278,21.13,4.73260766682442,44.306672976810226
218,6,218,18.97,5.271481286241434,47.3537163943068
218,56,218,18.69,5.350454788657036,48.91813804173354
218,59,218,18.69,5.350454788657036,50.286249331193154
218,206,218,18.69,5.350454788657036,50.286249331193154
218,218,169,23.54,4.248088360237893,51.191588785046726
218,218,136,22.89,4.36871996505024,52.86544342507645
218,6,56,16.5,6.0606060606060606,53.65636363636364
218,6,278,16.5,6.0606060606060606,54.21757575757576
218,6,206,16.5,6.0606060606060606,54.442424242424245
158,158,298,17.45,5.730659025787966,71.96848137535817
158,158,310,17.45,5.730659025787966,71.96848137535817
158,158,397,17.45,5.730659025787966,71.9971346704871
158,158,378,17.45,5.730659025787966,72.34269340974211
158,158,286,17.45,5.730659025787966,72.68825214899714
158,74,158,15.43,6.480881399870382,81.3901490602722
158,5,158,12.68,7.886435331230284,85.69637223974763
158,56,158,12.56,7.961783439490445,87.04299363057325
158,74,310,13.42,7.451564828614009,93.58047690014904
158,298,310,13.42,7.451564828614009,93.58047690014904
138,138,4006,22.24,4.496402877697842,28.732464028776985
138,138,336,21.67,4.614674665436087,29.368251038301796
138,138,445,21.67,4.614674665436087,29.425934471619748
138,138,4022,21.78,4.591368227731864,29.829201101928373
138,138,272,21.67,4.614674665436087,29.94739270881403
138,22,138,19.45,5.141388174807198,33.001542416452445
138,49,138,19.45,5.141388174807198,33.001542416452445
138,2,138,17.47,5.724098454493418,33.76359473382943
138,4,138,17.3,5.780346820809248,34.2878612716763
138,138,135,17.01,5.878894767783656,36.22222222222222
149,1,27,4.0,25.0,88.78
149,1,149,4.0,25.0,88.78
149,4,27,4.0,25.0,99.9
149,4,149,4.0,25.0,99.9
149,27,149,4.0,25.0,114.42000000000002
149,17,4,4.0,25.0,148.9875
149,175,4,4.0,25.0,148.9875
149,1,4006,4.0,25.0,149.0175
149,19,4,4.0,25.0,149.0275
149,2,149,4.0,25.0,149.03
148,7,148,20.71,4.8285852245292125,38.21197489135683
148,6,148,19.26,5.192107995846313,38.4730010384216
148,15,148,19.65,5.089058524173028,41.3323155216285
148,6,7,17.18,5.820721769499418,42.36554132712457
148,120,148,18.69,5.350454788657036,42.51257356875334
148,7,15,18.02,5.549389567147614,43.841287458379576
148,6,15,16.75,5.970149253731344,44.16358208955224
148,7,120,17.54,5.701254275940707,44.525085518814144
148,6,120,16.34,6.119951040391677,44.834761321909426
148,15,120,16.67,5.998800239952009,48.11157768446311
221,221,4018,15.34,6.51890482398957,52.28031290743155
221,221,320,15.07,6.635700066357001,53.108161911081616
221,221,347,15.07,6.635700066357001,53.1950895819509
221,167,221,13.33,7.501875468867217,59.77944486121531
221,199,221,13.33,7.501875468867217,59.77944486121531
221,142,221,13.33,7.501875468867217,59.90997749437359
221,14,221,13.33,7.501875468867217,60.301575393848466
221,67,221,13.33,7.501875468867217,60.301575393848466
221,7,221,12.74,7.849293563579278,60.401883830455255
221,221,135,12.54,7.974481658692185,60.74481658692185
222,222,4005,20.22,4.945598417408506,47.12660731948566
222,222,225,19.75,5.063291139240507,48.24810126582279
222,222,293,19.75,5.063291139240507,48.24810126582279
222,7,222,17.19,5.817335660267597,52.19953461314718
222,3,222,16.88,5.924170616113744,52.24822274881517
222,30,222,17.47,5.724098454493418,54.54493417286778
222,38,222,17.47,5.724098454493418,54.54493417286778
222,130,222,17.47,5.724098454493418,54.54493417286778
222,222,146,17.09,5.851375073142188,56.421299005266235
222,7,4005,15.31,6.531678641410842,58.530372305682555
229,6,138,2.0,50.0,405.055
229,6,336,2.0,50.0,405.29
229,6,445,2.0,50.0,405.52000000000004
229,6,22,2.0,50.0,406.29499999999996
229,6,49,2.0,50.0,406.29499999999996
229,6,229,2.0,50.0,406.755
229,6,4006,2.0,50.0,406.755
229,4,10,2.0,50.0,407.615
229,6,272,2.0,50.0,407.615
229,2,4012,2.0,50.0,408.04999999999995
240,41,240,21.65,4.618937644341802,29.943648960739033
240,40,240,20.46,4.887585532746823,31.28787878787879
240,75,240,20.46,4.887585532746823,31.28787878787879
240,144,240,20.46,4.887585532746823,31.938905180840663
240,153,240,20.46,4.887585532746823,31.938905180840663
240,240,6,16.8,5.9523809523809526,32.39047619047619
240,41,75,18.83,5.310674455655869,34.05363781200213
240,41,144,18.83,5.310674455655869,34.428040361125866
240,41,153,18.83,5.310674455655869,34.428040361125866
240,40,41,18.3,5.46448087431694,34.822404371584696
142,142,4018,15.34,6.51890482398957,51.93415906127771
142,142,167,15.07,6.635700066357001,52.76177836761779
142,142,199,15.07,6.635700066357001,52.76177836761779
142,142,320,15.07,6.635700066357001,52.76177836761779
142,142,347,15.07,6.635700066357001,52.84870603848706
142,142,221,15.07,6.635700066357001,52.99270072992701
142,14,142,13.33,7.501875468867217,60.10577644411103
142,67,142,13.33,7.501875468867217,60.10577644411103
142,7,142,12.74,7.849293563579278,60.20565149136578
142,4,142,12.44,8.038585209003216,60.9927652733119
263,2,81,2.0,50.0,435.98499999999996
263,2,263,2.0,50.0,435.98499999999996
263,2,535,2.0,50.0,435.98499999999996
263,2,4018,2.0,50.0,435.98499999999996
263,138,7,2.0,50.0,436.15500000000003
263,2,167,2.0,50.0,436.31
263,2,199,2.0,50.0,436.31
263,2,320,2.0,50.0,436.31
263,2,142,2.0,50.0,436.48999999999995
263,2,347,2.0,50.0,436.58000000000004
166,166,4007,26.8,3.7313432835820897,31.61828358208955
166,166,4020,26.8,3.7313432835820897,31.61828358208955
166,166,203,25.96,3.852080123266564,32.36979969183359
166,166,367,25.96,3.852080123266564,32.860939907550076
166,29,166,23.93,4.178854993731718,35.346844964479736
166,2,166,20.52,4.8732943469785575,35.63109161793372
166,5,166,20.28,4.930966469428007,35.91074950690335
166,28,166,22.96,4.355400696864112,36.07665505226481
166,4007,4020,22.03,4.539264639128461,37.964593735814795
166,4020,29,21.76,4.595588235294118,38.52803308823529
206,206,278,21.13,4.73260766682442,44.306672976810226
206,206,218,21.13,4.73260766682442,44.479413156649315
206,6,206,18.97,5.271481286241434,47.3537163943068
206,56,206,18.69,5.350454788657036,48.91813804173354
206,59,206,18.69,5.350454788657036,50.286249331193154
206,206,169,23.54,4.248088360237893,51.191588785046726
206,206,136,22.89,4.36871996505024,52.86544342507645
206,6,56,16.5,6.0606060606060606,53.65636363636364
206,6,278,16.5,6.0606060606060606,54.21757575757576
206,6,218,16.5,6.0606060606060606,54.442424242424245
175,175,4003,24.03,4.161464835622139,2.700374531835206
175,175,4014,24.03,4.161464835622139,2.700374531835206
175,175,348,23.37,4.278990158322635,2.7907573812580226
175,175,398,23.37,4.278990158322635,2.7907573812580226
175,17,175,20.66,4.84027105517909,3.1243949661181025
175,19,175,20.66,4.84027105517909,3.167957405614714
175,4003,4014,19.6,5.1020408163265305,3.348469387755102
175,4014,17,19.03,5.254860746190226,3.428796636889122
175,1,175,15.11,6.618133686300464,3.4354731965585708
175,2,175,15.11,6.618133686300464,3.4487094639311717
271,1,3,5.0,20.0,51.002
271,1,271,5.0,20.0,51.322
271,1,354,5.0,20.0,51.322
271,3,271,5.0,20.0,51.407999999999994
271,3,354,5.0,20.0,51.407999999999994
271,1,18,5.0,20.0,51.538000000000004
271,1,21,5.0,20.0,51.538000000000004
271,1,198,5.0,20.0,51.538000000000004
271,1,261,5.0,20.0,51.538000000000004
271,3,261,5.0,20.0,51.622
278,6,278,18.97,5.271481286241434,47.15814443858724
278,56,278,18.69,5.350454788657036,48.72284644194756
278,59,278,18.69,5.350454788657036,50.090957731407165
278,206,278,18.69,5.350454788657036,50.090957731407165
278,218,278,18.69,5.350454788657036,50.090957731407165
278,278,169,23.54,4.248088360237893,50.84579439252336
278,278,136,22.89,4.36871996505024,52.51900393184796
278,6,56,16.5,6.0606060606060606,53.65636363636364
278,6,206,16.5,6.0606060606060606,54.442424242424245
278,6,218,16.5,6.0606060606060606,54.442424242424245
183,1,183,18.63,5.367686527106817,24.15673644659152
183,6,183,18.37,5.443658138268916,24.285792052259115
183,8,183,17.77,5.627462014631401,25.797974113674734
183,9,183,17.77,5.627462014631401,25.797974113674734
183,116,183,18.1,5.524861878453038,26.18563535911602
183,1,6,16.32,6.127450980392156,26.96078431372549
183,1,8,16.05,6.230529595015576,27.819314641744548
183,1,9,16.05,6.230529595015576,27.819314641744548
183,6,8,15.82,6.321112515802781,27.97787610619469
183,6,9,15.82,6.321112515802781,27.97787610619469
167,167,4018,15.34,6.51890482398957,51.81877444589309
167,167,199,15.07,6.635700066357001,52.64631718646317
167,167,320,15.07,6.635700066357001,52.64631718646317
167,167,347,15.07,6.635700066357001,52.73324485733245
167,167,221,15.07,6.635700066357001,52.8772395487724
167,142,167,13.33,7.501875468867217,59.648912228057014
167,14,167,13.33,7.501875468867217,60.04051012753188
167,67,167,13.33,7.501875468867217,60.04051012753188
167,7,167,12.74,7.849293563579278,60.13971742543171
167,4,167,12.44,8.038585209003216,60.927652733118975
276,276,4010,24.04,4.159733777038269,47.904326123128115
276,276,4012,24.04,4.159733777038269,47.904326123128115
276,276,431,23.37,4.278990158322635,49.24689773213521
276,11,276,21.26,4.703668861712135,54.070555032925675
276,92,276,21.26,4.703668861712135,54.070555032925675
276,123,276,20.68,4.835589941972921,55.718085106382986
276,189,276,20.68,4.835589941972921,55.718085106382986
276,169,276,20.99,4.76417341591234,55.87946641257743
276,6,276,16.66,6.002400960384153,55.98739495798319
276,4,276,16.66,6.002400960384153,56.58043217286914
280,280,635,26.54,3.7678975131876413,30.988319517709115
280,1,280,23.63,4.23190859077444,33.67837494710115
280,56,280,22.75,4.395604395604396,35.4523076923077
280,108,280,22.75,4.395604395604396,36.03868131868132
280,133,280,22.75,4.395604395604396,36.23384615384616
280,1,635,21.23,4.710315591144607,37.11964201601507
280,1,56,20.55,4.866180048661801,38.1639902676399
280,635,108,21.1,4.739336492890995,38.438862559241706
280,1,108,20.55,4.866180048661801,38.50121654501217
280,635,133,21.1,4.739336492890995,38.55071090047393
189,189,4010,24.04,4.159733777038269,47.904326123128115
189,189,4012,24.04,4.159733777038269,47.904326123128115
189,189,431,23.37,4.278990158322635,49.24689773213521
189,189,276,23.37,4.278990158322635,49.30466409927257
189,11,189,21.26,4.703668861712135,54.070555032925675
189,92,189,21.26,4.703668861712135,54.070555032925675
189,123,189,20.68,4.835589941972921,55.718085106382986
189,169,189,20.99,4.76417341591234,55.87946641257743
189,6,189,16.66,6.002400960384153,55.98739495798319
189,4,189,16.66,6.002400960384153,56.58043217286914
192,192,491,18.97,5.271481286241434,42.86136004217185
192,192,529,18.97,5.271481286241434,42.97680548234053
192,2,192,14.8,6.756756756756756,46.69391891891892
192,6,192,14.62,6.839945280437757,46.84473324213406
192,192,4022,18.23,5.4854635216675804,46.94404827207899
192,45,192,16.78,5.959475566150179,48.0637663885578
192,159,192,16.78,5.959475566150179,48.585816448152556
192,10,192,16.49,6.064281382656156,48.798059429957554
192,169,192,16.5,6.0606060606060606,51.75636363636363
192,2,6,12.94,7.727975270479135,52.42658423493045
298,298,310,17.45,5.730659025787966,71.96848137535817
298,298,397,17.45,5.730659025787966,71.9971346704871
298,298,378,17.45,5.730659025787966,72.34269340974211
298,74,298,15.43,6.480881399870382,81.3901490602722
298,158,298,15.43,6.480881399870382,81.3901490602722
298,286,298,15.43,6.480881399870382,83.02203499675956
298,5,298,12.68,7.886435331230284,85.69637223974763
298,56,298,12.56,7.961783439490445,87.04299363057325
298,74,310,13.42,7.451564828614009,93.58047690014904
298,158,310,13.42,7.451564828614009,93.58047690014904
181,181,194,13.75,7.2727272727272725,38.935272727272725
181,181,333,13.75,7.2727272727272725,38.964363636363636
181,181,338,13.75,7.2727272727272725,39.02181818181818
181,181,517,13.75,7.2727272727272725,39.22254545454545
181,171,181,12.56,7.961783439490445,43.12579617834395
181,1,181,11.47,8.718395815170009,43.9180470793374
181,52,181,12.16,8.223684210526315,44.02631578947368
181,87,181,12.16,8.223684210526315,44.02631578947368
181,5,181,11.4,8.771929824561402,44.18245614035087
181,93,181,12.16,8.223684210526315,45.851151315789465
191,191,4015,29.92,3.3422459893048124,26.85895721925133
191,191,241,28.91,3.459010722933241,27.79730197163611
191,7,191,25.01,3.9984006397441023,29.345861655337867
191,1,191,24.37,4.103405826836274,29.354944604021338
191,12,191,25.58,3.9093041438623928,31.415949960906957
191,39,191,25.58,3.9093041438623928,31.415949960906957
191,7,4015,22.5,4.444444444444445,32.516444444444446
191,1,7,21.9,4.566210045662101,32.53059360730594
191,1,4015,21.9,4.566210045662101,32.53059360730594
191,4015,241,23.85,4.192872117400419,33.69475890985324
317,317,360,21.13,4.73260766682442,50.81069569332703
317,4,317,18.97,5.271481286241434,54.84238270954138
317,56,317,18.69,5.350454788657036,55.815409309791335
317,95,317,18.69,5.350454788657036,57.44408774745853
317,190,317,18.69,5.350454788657036,57.44408774745853
317,317,209,21.76,4.595588235294118,59.696691176470594
317,317,300,21.76,4.595588235294118,59.696691176470594
317,317,311,21.76,4.595588235294118,59.696691176470594
317,317,342,21.76,4.595588235294118,59.696691176470594
317,317,384,21.76,4.595588235294118,59.696691176470594
308,308,4011,17.8,5.617977528089887,39.178089887640446
308,308,366,17.45,5.730659025787966,40.29283667621777
308,2,308,14.72,6.7934782608695645,43.088994565217384
308,3,308,14.72,6.7934782608695645,43.1039402173913
308,20,308,15.43,6.480881399870382,43.8049254698639
308,48,308,15.43,6.480881399870382,43.8049254698639
308,210,308,15.43,6.480881399870382,43.8049254698639
308,128,308,15.43,6.480881399870382,45.567725210628645
308,296,308,15.43,6.480881399870382,45.567725210628645
308,2,4011,13.06,7.656967840735069,48.0895865237366
310,310,397,17.45,5.730659025787966,71.9971346704871
310,310,378,17.45,5.730659025787966,72.34269340974211
310,74,310,15.43,6.480881399870382,81.3901490602722
310,158,310,15.43,6.480881399870382,81.3901490602722
310,298,310,15.43,6.480881399870382,81.3901490602722
310,286,310,15.43,6.480881399870382,83.02203499675956
310,5,310,12.68,7.886435331230284,85.69637223974763
310,56,310,12.56,7.961783439490445,87.04299363057325
310,74,298,13.42,7.451564828614009,93.58047690014904
310,158,298,13.42,7.451564828614009,93.58047690014904
328,1,328,4.0,25.0,225.29
328,2,202,4.0,25.0,225.2925
328,2,309,4.0,25.0,225.2925
328,56,118,4.0,25.0,225.75249999999997
328,181,216,4.0,25.0,231.27
328,181,328,4.0,25.0,231.27
328,194,57,4.0,25.0,231.27
328,194,126,4.0,25.0,231.27
328,194,216,4.0,25.0,231.27
328,194,328,4.0,25.0,231.27
203,203,4007,26.8,3.7313432835820897,30.694402985074632
203,203,4020,26.8,3.7313432835820897,30.694402985074632
203,203,367,25.96,3.852080123266564,31.9364406779661
203,29,203,23.93,4.178854993731718,34.82365231926452
203,2,203,20.52,4.8732943469785575,35.10867446393762
203,5,203,20.28,4.930966469428007,35.38806706114398
203,28,203,22.96,4.355400696864112,35.55400696864112
203,166,203,22.96,4.355400696864112,36.599303135888505
203,4007,4020,22.03,4.539264639128461,37.964593735814795
203,4020,29,21.76,4.595588235294118,38.52803308823529
199,199,4018,15.34,6.51890482398957,51.81877444589309
199,199,320,15.07,6.635700066357001,52.64631718646317
199,199,347,15.07,6.635700066357001,52.73324485733245
199,199,221,15.07,6.635700066357001,52.8772395487724
199,167,199,13.33,7.501875468867217,59.518379594898725
199,142,199,13.33,7.501875468867217,59.648912228057014
199,14,199,13.33,7.501875468867217,60.04051012753188
199,67,199,13.33,7.501875468867217,60.04051012753188
199,7,199,12.74,7.849293563579278,60.13971742543171
199,199,135,12.54,7.974481658692185,60.28389154704944
333,333,338,13.75,7.2727272727272725,39.07927272727273
333,333,517,13.75,7.2727272727272725,39.279999999999994
333,171,333,12.56,7.961783439490445,43.15843949044586
333,1,333,11.47,8.718395815170009,43.95117698343505
333,52,333,12.16,8.223684210526315,44.05921052631578
333,87,333,12.16,8.223684210526315,44.05921052631578
333,181,333,12.16,8.223684210526315,44.05921052631578
333,194,333,12.16,8.223684210526315,44.05921052631578
333,5,333,11.4,8.771929824561402,44.21578947368421
333,93,333,12.16,8.223684210526315,45.884046052631575
320,320,4018,15.34,6.51890482398957,51.81877444589309
320,320,347,15.07,6.635700066357001,52.73324485733245
320,167,320,13.33,7.501875468867217,59.518379594898725
320,199,320,13.33,7.501875468867217,59.518379594898725
320,142,320,13.33,7.501875468867217,59.648912228057014
320,14,320,13.33,7.501875468867217,60.04051012753188
320,67,320,13.33,7.501875468867217,60.04051012753188
320,221,320,13.33,7.501875468867217,60.04051012753188
320,7,320,12.74,7.849293563579278,60.13971742543171
320,320,135,12.54,7.974481658692185,60.28389154704944
210,210,4011,17.8,5.617977528089887,37.61966292134831
210,210,296,17.45,5.730659025787966,38.73409742120344
210,210,308,17.45,5.730659025787966,38.73409742120344
210,210,366,17.45,5.730659025787966,38.73409742120344
210,2,210,14.72,6.7934782608695645,42.20855978260869
210,3,210,14.72,6.7934782608695645,42.2235054347826
210,20,210,15.43,6.480881399870382,42.92546986390149
210,48,210,15.43,6.480881399870382,42.92546986390149
210,128,210,15.43,6.480881399870382,44.68826960466624
210,2,4011,13.06,7.656967840735069,48.0895865237366
299,6,20,2.0,50.0,381.95
299,6,48,2.0,50.0,381.95
299,6,210,2.0,50.0,381.95
299,6,299,2.0,50.0,383.34999999999997
299,6,375,2.0,50.0,383.34999999999997
299,6,4011,2.0,50.0,383.34999999999997
299,2,40,2.0,50.0,383.535
299,2,75,2.0,50.0,383.535
299,2,299,2.0,50.0,384.02
299,2,375,2.0,50.0,384.02
309,52,56,1.0,100.0,851.6400000000001
309,56,87,1.0,100.0,854.3
309,56,181,1.0,100.0,854.3
309,56,194,1.0,100.0,854.3
309,56,333,1.0,100.0,854.49
309,56,338,1.0,100.0,854.86
309,5,108,1.0,100.0,854.9
309,5,202,1.0,100.0,855.3000000000001
309,5,309,1.0,100.0,855.3000000000001
309,5,635,1.0,100.0,855.3000000000001
347,347,4018,15.34,6.51890482398957,51.99217731421121
347,167,347,13.33,7.501875468867217,59.61665416354089
347,199,347,13.33,7.501875468867217,59.61665416354089
347,320,347,13.33,7.501875468867217,59.61665416354089
347,142,347,13.33,7.501875468867217,59.747186796699175
347,14,347,13.33,7.501875468867217,60.13878469617405
347,67,347,13.33,7.501875468867217,60.13878469617405
347,221,347,13.33,7.501875468867217,60.13878469617405
347,7,347,12.74,7.849293563579278,60.23783359497645
347,347,135,12.54,7.974481658692185,60.45693779904306
213,213,4004,24.03,4.161464835622139,36.11901789429879
213,213,4016,24.03,4.161464835622139,36.11901789429879
213,213,548,23.37,4.278990158322635,37.142490372272135
213,213,223,23.37,4.278990158322635,37.151904150620446
213,69,213,21.87,4.572473708276177,39.672153635116594
213,7,213,19.26,5.192107995846313,41.0031152647975
213,5,213,18.59,5.3792361484669176,41.413125336202256
213,13,213,20.67,4.837929366231252,41.939525882922105
213,187,213,20.67,4.837929366231252,41.939525882922105
213,4016,4004,19.6,5.1020408163265305,44.25
359,3,359,4.0,25.0,169.48000000000002
359,135,4013,4.0,25.0,170.365
359,6,359,4.0,25.0,172.405
359,1,169,4.0,25.0,173.45999999999998
359,1,359,4.0,25.0,173.45999999999998
359,8,135,4.0,25.0,174.2775
359,9,135,4.0,25.0,174.2775
359,21,359,4.0,25.0,174.925
359,198,359,4.0,25.0,174.925
359,261,359,4.0,25.0,174.925
351,3,351,19.1,5.2356020942408374,21.356020942408374
351,23,351,21.1,4.739336492890995,21.45734597156398
351,26,351,21.1,4.739336492890995,21.45734597156398
351,152,351,21.1,4.739336492890995,21.45734597156398
351,248,351,21.1,4.739336492890995,21.45734597156398
351,5,351,18.89,5.293806246691371,21.60878771836951
351,3,5,16.81,5.94883997620464,23.74301011302796
351,3,26,16.6,6.024096385542168,24.195783132530117
351,3,152,16.6,6.024096385542168,24.195783132530117
351,3,248,16.6,6.024096385542168,24.195783132530117
225,225,4005,20.22,4.945598417408506,47.12660731948566
225,225,293,19.75,5.063291139240507,48.24810126582279
225,7,225,17.19,5.817335660267597,52.19953461314718
225,3,225,16.88,5.924170616113744,52.24822274881517
225,30,225,17.47,5.724098454493418,54.54493417286778
225,38,225,17.47,5.724098454493418,54.54493417286778
225,130,225,17.47,5.724098454493418,54.54493417286778
225,222,225,17.47,5.724098454493418,54.54493417286778
225,225,146,17.09,5.851375073142188,56.421299005266235
225,7,4005,15.31,6.531678641410842,58.530372305682555
366,366,4011,17.8,5.617977528089887,39.178089887640446
366,2,366,14.72,6.7934782608695645,43.088994565217384
366,3,366,14.72,6.7934782608695645,43.1039402173913
366,20,366,15.43,6.480881399870382,43.8049254698639
366,48,366,15.43,6.480881399870382,43.8049254698639
366,210,366,15.43,6.480881399870382,43.8049254698639
366,128,366,15.43,6.480881399870382,45.567725210628645
366,296,366,15.43,6.480881399870382,45.567725210628645
366,308,366,15.43,6.480881399870382,45.567725210628645
366,2,4011,13.06,7.656967840735069,48.0895865237366
241,241,4015,29.92,3.3422459893048124,26.85895721925133
241,7,241,25.01,3.9984006397441023,29.345861655337867
241,1,241,24.37,4.103405826836274,29.354944604021338
241,12,241,25.58,3.9093041438623928,31.415949960906957
241,39,241,25.58,3.9093041438623928,31.415949960906957
241,191,241,25.58,3.9093041438623928,31.415949960906957
241,7,4015,22.5,4.444444444444445,32.516444444444446
241,1,7,21.9,4.566210045662101,32.53059360730594
241,1,4015,21.9,4.566210045662101,32.53059360730594
241,4015,191,23.85,4.192872117400419,33.69475890985324
223,223,4004,24.03,4.161464835622139,36.11901789429879
223,223,4016,24.03,4.161464835622139,36.11901789429879
223,223,548,23.37,4.278990158322635,37.142490372272135
223,69,223,21.87,4.572473708276177,39.672153635116594
223,7,223,19.26,5.192107995846313,41.0031152647975
223,5,223,18.59,5.3792361484669176,41.413125336202256
223,13,223,20.67,4.837929366231252,41.939525882922105
223,187,223,20.67,4.837929366231252,41.939525882922105
223,213,223,20.67,4.837929366231252,42.004837929366225
223,4016,4004,19.6,5.1020408163265305,44.25
248,248,351,23.85,4.192872117400419,18.983228511530395
248,3,248,19.1,5.2356020942408374,21.02879581151832
248,23,248,21.1,4.739336492890995,21.1303317535545
248,26,248,21.1,4.739336492890995,21.1303317535545
248,152,248,21.1,4.739336492890995,21.1303317535545
248,5,248,18.89,5.293806246691371,21.28321863419799
248,3,5,16.81,5.94883997620464,23.74301011302796
248,3,23,16.6,6.024096385542168,24.195783132530117
248,3,26,16.6,6.024096385542168,24.195783132530117
248,3,152,16.6,6.024096385542168,24.195783132530117
286,286,298,17.45,5.730659025787966,73.41146131805158
286,286,310,17.45,5.730659025787966,73.41146131805158
286,286,397,17.45,5.730659025787966,73.4406876790831
286,286,378,17.45,5.730659025787966,73.78624641833811
286,74,286,15.43,6.480881399870382,82.20414776409592
286,158,286,15.43,6.480881399870382,82.20414776409592
286,5,286,12.68,7.886435331230284,86.50946372239747
286,56,286,12.56,7.961783439490445,87.85429936305732
286,310,158,13.42,7.451564828614009,93.58047690014904
286,310,298,13.42,7.451564828614009,93.58047690014904
261,261,271,28.72,3.4818941504178276,10.053969359331477
261,261,354,28.72,3.4818941504178276,10.053969359331477
261,1,261,22.73,4.399472063352397,11.336999560052794
261,3,261,22.73,4.399472063352397,11.355477342718874
261,18,261,24.55,4.0733197556008145,11.761710794297352
261,21,261,24.55,4.0733197556008145,11.761710794297352
261,198,261,24.55,4.0733197556008145,11.761710794297352
261,271,354,23.74,4.212299915754002,12.163016006739682
261,271,3,20.58,4.8590864917395535,12.572400388726921
261,354,3,20.58,4.8590864917395535,12.572400388726921
311,3,77,4.0,25.0,137.9675
311,3,209,4.0,25.0,137.9675
311,3,311,4.0,25.0,137.9675
311,56,77,4.0,25.0,152.64
311,56,209,4.0,25.0,152.64
311,56,311,4.0,25.0,152.64
311,77,209,4.0,25.0,164.64000000000001
311,77,311,4.0,25.0,164.64000000000001
311,209,311,4.0,25.0,164.64000000000001
311,261,56,4.0,25.0,178.44
378,378,397,17.45,5.730659025787966,72.74727793696275
378,74,378,15.43,6.480881399870382,81.81335061568373
378,158,378,15.43,6.480881399870382,81.81335061568373
378,298,378,15.43,6.480881399870382,81.81335061568373
378,310,378,15.43,6.480881399870382,81.81335061568373
378,286,378,15.43,6.480881399870382,83.44588464031108
378,5,378,12.68,7.886435331230284,86.1198738170347
378,56,378,12.56,7.961783439490445,87.46496815286623
378,158,310,13.42,7.451564828614009,93.58047690014904
378,298,310,13.42,7.451564828614009,93.58047690014904
379,6,17,4.0,25.0,162.86499999999998
379,6,175,4.0,25.0,162.86499999999998
379,6,19,4.0,25.0,162.88
379,6,348,4.0,25.0,162.88750000000002
379,6,398,4.0,25.0,162.88750000000002
379,6,112,4.0,25.0,163.38250000000002
379,6,379,4.0,25.0,163.38250000000002
379,6,4003,4.0,25.0,163.38250000000002
379,6,4014,4.0,25.0,163.38250000000002
379,2,9,4.0,25.0,163.63
346,6,167,1.5,66.66666666666667,642.5466666666666
346,6,199,1.5,66.66666666666667,642.5466666666666
346,6,320,1.5,66.66666666666667,642.5466666666666
346,6,142,1.5,66.66666666666667,642.8133333333334
346,6,347,1.5,66.66666666666667,642.9466666666667
346,6,62,1.5,66.66666666666667,643.0266666666668
346,6,346,1.5,66.66666666666667,643.0266666666668
346,6,4018,1.5,66.66666666666667,643.0266666666668
346,6,4019,1.5,66.66666666666667,643.0266666666668
346,6,221,1.5,66.66666666666667,643.6133333333333
272,272,4006,22.24,4.496402877697842,30.00359712230216
272,272,336,21.67,4.614674665436087,30.63959390862944
272,272,445,21.67,4.614674665436087,30.697738809413934
272,272,4022,21.78,4.591368227731864,31.099173553719005
272,22,272,19.45,5.141388174807198,33.71979434447301
272,49,272,19.45,5.141388174807198,33.71979434447301
272,138,272,19.17,5.216484089723526,33.852895148669795
272,2,272,17.47,5.724098454493418,34.4813966800229
272,4,272,17.3,5.780346820809248,35.006358381502885
272,4006,49,17.7,5.649717514124294,36.53276836158192
385,1,167,4.0,25.0,243.48999999999998
385,1,199,4.0,25.0,243.48999999999998
385,1,320,4.0,25.0,243.48999999999998
385,1,142,4.0,25.0,243.6025
385,1,121,4.0,25.0,243.62249999999997
385,1,385,4.0,25.0,243.62249999999997
385,1,406,4.0,25.0,243.62249999999997
385,1,4018,4.0,25.0,243.62249999999997
385,1,347,4.0,25.0,243.66
385,4,4015,4.0,25.0,243.90999999999997
456,5,20,1.0,100.0,653.05
456,5,48,1.0,100.0,653.05
456,5,210,1.0,100.0,653.05
456,2,23,1.0,100.0,654.34
456,2,26,1.0,100.0,654.34
456,2,152,1.0,100.0,654.34
456,2,248,1.0,100.0,654.34
456,5,456,1.0,100.0,655.92
456,5,4011,1.0,100.0,655.92
456,3,203,1.0,100.0,656.0500000000001
398,398,4003,24.03,4.161464835622139,2.7582188930503535
398,398,4014,24.03,4.161464835622139,2.7582188930503535
398,17,398,20.66,4.84027105517909,3.156824782187803
398,175,398,20.66,4.84027105517909,3.156824782187803
398,19,398,20.66,4.84027105517909,3.2003872216844145
398,348,398,20.66,4.84027105517909,3.22216844143272
398,4003,4014,19.6,5.1020408163265305,3.348469387755102
398,4003,175,19.03,5.254860746190226,3.428796636889122
398,4014,17,19.03,5.254860746190226,3.428796636889122
398,4014,175,19.03,5.254860746190226,3.428796636889122
300,3,24,4.0,25.0,103.6775
300,3,122,4.0,25.0,103.6775
300,3,300,4.0,25.0,103.6775
300,3,342,4.0,25.0,103.6775
300,3,384,4.0,25.0,103.6775
300,4,24,4.0,25.0,113.19500000000001
300,4,122,4.0,25.0,113.19500000000001
300,4,300,4.0,25.0,113.19500000000001
300,4,342,4.0,25.0,113.19500000000001
300,4,384,4.0,25.0,113.19500000000001
431,431,4010,24.04,4.159733777038269,47.789101497504156
431,431,4012,24.04,4.159733777038269,47.789101497504156
431,11,431,21.26,4.703668861712135,54.00517403574788
431,92,431,21.26,4.703668861712135,54.00517403574788
431,123,431,20.68,4.835589941972921,55.652804642166345
431,189,431,20.68,4.835589941972921,55.652804642166345
431,276,431,20.68,4.835589941972921,55.652804642166345
431,169,431,20.99,4.76417341591234,55.81419723677943
431,6,431,16.66,6.002400960384153,55.92256902761105
431,4,431,16.66,6.002400960384153,56.51560624249699
516,1,24,1.5,66.66666666666667,462.84000000000003
516,1,34,1.5,66.66666666666667,462.84000000000003
516,1,122,1.5,66.66666666666667,462.84000000000003
516,1,300,1.5,66.66666666666667,462.84000000000003
516,1,342,1.5,66.66666666666667,462.84000000000003
516,1,384,1.5,66.66666666666667,462.84000000000003
516,1,516,1.5,66.66666666666667,462.84000000000003
516,3,34,1.5,66.66666666666667,463.0266666666667
516,3,149,1.5,66.66666666666667,463.0266666666667
516,3,516,1.5,66.66666666666667,463.0266666666667
491,491,529,18.97,5.271481286241434,42.74591460200316
491,2,491,14.8,6.756756756756756,46.563513513513506
491,491,4022,18.23,5.4854635216675804,46.71311025781679
491,6,491,14.62,6.839945280437757,46.714774281805745
491,45,491,16.78,5.959475566150179,47.93325387365912
491,159,491,16.78,5.959475566150179,48.45530393325387
491,192,491,16.78,5.959475566150179,48.45530393325387
491,10,491,16.49,6.064281382656156,48.667677380230444
491,169,491,16.5,6.0606060606060606,51.626060606060605
491,2,6,12.94,7.727975270479135,52.42658423493045
296,296,4011,17.8,5.617977528089887,39.178089887640446
296,296,308,17.45,5.730659025787966,40.29283667621777
296,296,366,17.45,5.730659025787966,40.29283667621777
296,2,296,14.72,6.7934782608695645,43.088994565217384
296,3,296,14.72,6.7934782608695645,43.1039402173913
296,20,296,15.43,6.480881399870382,43.8049254698639
296,48,296,15.43,6.480881399870382,43.8049254698639
296,210,296,15.43,6.480881399870382,43.8049254698639
296,128,296,15.43,6.480881399870382,45.567725210628645
296,2,4011,13.06,7.656967840735069,48.0895865237366
523,1,523,5.0,20.0,134.726
523,80,135,5.0,20.0,135.35399999999998
523,18,523,5.0,20.0,138.186
523,18,4022,5.0,20.0,138.186
523,21,523,5.0,20.0,138.186
523,21,4022,5.0,20.0,138.186
523,198,523,5.0,20.0,138.186
523,198,4022,5.0,20.0,138.186
523,261,523,5.0,20.0,138.186
523,261,4022,5.0,20.0,138.186
375,6,20,4.0,25.0,190.975
375,6,48,4.0,25.0,190.975
375,6,210,4.0,25.0,190.975
375,6,299,4.0,25.0,191.67499999999998
375,6,375,4.0,25.0,191.67499999999998
375,6,4011,4.0,25.0,191.67499999999998
375,2,40,4.0,25.0,191.7675
375,2,75,4.0,25.0,191.7675
375,2,299,4.0,25.0,192.01
375,2,375,4.0,25.0,192.01
373,5,18,4.0,25.0,145.8375
373,5,21,4.0,25.0,145.8375
373,5,198,4.0,25.0,145.8375
373,5,261,4.0,25.0,145.8375
373,1,186,4.0,25.0,146.09
373,1,373,4.0,25.0,146.09
373,3,52,4.0,25.0,146.1025
373,3,87,4.0,25.0,146.1025
373,3,181,4.0,25.0,146.1025
373,3,194,4.0,25.0,146.1025
293,293,4005,20.22,4.945598417408506,47.12660731948566
293,7,293,17.19,5.817335660267597,52.19953461314718
293,3,293,16.88,5.924170616113744,52.24822274881517
293,30,293,17.47,5.724098454493418,54.54493417286778
293,38,293,17.47,5.724098454493418,54.54493417286778
293,130,293,17.47,5.724098454493418,54.54493417286778
293,222,293,17.47,5.724098454493418,54.54493417286778
293,225,293,17.47,5.724098454493418,54.54493417286778
293,293,146,17.09,5.851375073142188,56.421299005266235
293,7,4005,15.31,6.531678641410842,58.530372305682555
517,517,338,13.75,7.2727272727272725,39.597818181818184
517,517,35,13.75,7.2727272727272725,40.315636363636365
517,517,93,13.75,7.2727272727272725,40.315636363636365
517,171,517,12.56,7.961783439490445,43.452229299363054
517,1,517,11.47,8.718395815170009,44.244986922406284
517,52,517,12.16,8.223684210526315,44.351151315789465
517,87,517,12.16,8.223684210526315,44.351151315789465
517,181,517,12.16,8.223684210526315,44.351151315789465
517,194,517,12.16,8.223684210526315,44.351151315789465
517,333,517,12.16,8.223684210526315,44.41611842105262
402,6,28,1.5,66.66666666666667,586.7066666666667
402,6,203,1.5,66.66666666666667,586.7066666666667
402,6,402,1.5,66.66666666666667,587.4800000000001
402,6,4007,1.5,66.66666666666667,587.4800000000001
402,6,4020,1.5,66.66666666666667,587.4800000000001
402,6,29,1.5,66.66666666666667,588.2866666666666
402,5,10,1.5,66.66666666666667,588.48
402,5,402,1.5,66.66666666666667,588.48
402,5,45,1.5,66.66666666666667,588.6800000000001
402,5,491,1.5,66.66666666666667,589.24
360,4,360,18.97,5.271481286241434,54.84238270954138
360,56,360,18.69,5.350454788657036,55.815409309791335
360,95,360,18.69,5.350454788657036,57.44408774745853
360,190,360,18.69,5.350454788657036,57.44408774745853
360,317,360,18.69,5.350454788657036,57.44408774745853
360,360,209,21.76,4.595588235294118,59.696691176470594
360,360,300,21.76,4.595588235294118,59.696691176470594
360,360,311,21.76,4.595588235294118,59.696691176470594
360,360,342,21.76,4.595588235294118,59.696691176470594
360,360,384,21.76,4.595588235294118,59.696691176470594
336,336,4006,22.24,4.496402877697842,28.848021582733814
336,336,445,21.67,4.614674665436087,29.541762805722197
336,336,4022,21.78,4.591368227731864,29.94444444444444
336,22,336,19.45,5.141388174807198,33.066838046272494
336,49,336,19.45,5.141388174807198,33.066838046272494
336,138,336,19.17,5.216484089723526,33.19822639540949
336,2,336,17.47,5.724098454493418,33.82884945621065
336,4,336,17.3,5.780346820809248,34.35317919075144
336,272,336,19.17,5.216484089723526,34.63536776212832
336,336,135,17.01,5.878894767783656,36.337448559670776
630,6,50,4.0,25.0,79.7075
630,6,179,4.0,25.0,79.7075
630,6,630,4.0,25.0,79.7075
630,5,50,4.0,25.0,83.2975
630,5,179,4.0,25.0,83.2975
630,5,630,4.0,25.0,83.2975
630,50,179,4.0,25.0,101.895
630,50,630,4.0,25.0,101.895
630,179,630,4.0,25.0,101.895
630,6,248,4.0,25.0,156.1675
635,2,635,4.0,25.0,165.2775
635,17,56,4.0,25.0,165.4425
635,19,56,4.0,25.0,165.49
635,2,108,4.0,25.0,166.155
635,1,57,4.0,25.0,166.23000000000002
635,1,126,4.0,25.0,166.23000000000002
635,1,216,4.0,25.0,166.23000000000002
635,56,175,4.0,25.0,166.345
635,56,348,4.0,25.0,166.38
635,56,398,4.0,25.0,166.38
493,6,493,1.0,100.0,895.2199999999999
493,6,4017,1.0,100.0,895.2199999999999
493,56,172,1.0,100.0,900.1300000000001
493,7,633,1.0,100.0,902.89
493,2,493,1.0,100.0,903.4000000000001
493,2,4017,1.0,100.0,903.4000000000001
493,56,634,1.0,100.0,906.7299999999999
493,5,493,1.0,100.0,935.33
493,5,4017,1.0,100.0,935.33
493,309,7,1.0,100.0,937.33
406,1,167,3.0,33.333333333333336,324.6533333333333
406,1,199,3.0,33.333333333333336,324.6533333333333
406,1,320,3.0,33.333333333333336,324.6533333333333
406,1,142,3.0,33.333333333333336,324.80333333333334
406,1,121,3.0,33.333333333333336,324.83
406,1,385,3.0,33.333333333333336,324.83
406,1,406,3.0,33.333333333333336,324.83
406,1,4018,3.0,33.333333333333336,324.83
406,1,347,3.0,33.333333333333336,324.88
406,4,4015,3.0,33.333333333333336,325.2133333333333
342,3,24,4.0,25.0,103.6775
342,3,122,4.0,25.0,103.6775
342,3,300,4.0,25.0,103.6775
342,3,342,4.0,25.0,103.6775
342,3,384,4.0,25.0,103.6775
342,4,24,4.0,25.0,113.19500000000001
342,4,122,4.0,25.0,113.19500000000001
342,4,300,4.0,25.0,113.19500000000001
342,4,342,4.0,25.0,113.19500000000001
342,4,384,4.0,25.0,113.19500000000001
530,18,56,4.0,25.0,178.44
530,21,56,4.0,25.0,178.44
530,1,77,4.0,25.0,178.5525
530,1,209,4.0,25.0,178.5525
530,1,311,4.0,25.0,178.5525
530,1,530,4.0,25.0,178.5525
530,3,530,4.0,25.0,178.605
530,3,635,4.0,25.0,178.605
530,56,198,4.0,25.0,179.645
530,56,261,4.0,25.0,179.645
4002,137,386,1.5,66.66666666666667,800.0733333333334
4002,137,528,1.5,66.66666666666667,820.2466666666667
4002,162,634,1.5,66.66666666666667,820.8866666666668
4002,195,634,1.5,66.66666666666667,821.3133333333334
4002,523,632,1.5,66.66666666666667,854.3333333333334
4002,523,634,1.5,66.66666666666667,854.3333333333334
4002,523,4015,1.5,66.66666666666667,854.3333333333334
4002,632,4022,1.5,66.66666666666667,854.3333333333334
4002,191,523,1.5,66.66666666666667,854.8533333333335
4002,241,523,1.5,66.66666666666667,854.8533333333335
341,37,341,25.12,3.9808917197452227,21.5187101910828
341,5,341,24.32,4.1118421052631575,21.78330592105263
341,4,341,24.32,4.1118421052631575,22.043996710526315
341,204,341,23.57,4.2426813746287655,22.827322868052608
341,25,341,23.99,4.168403501458942,22.92413505627345
341,51,341,23.99,4.168403501458942,22.92413505627345
341,5,37,21.84,4.5787545787545785,24.262362637362635
341,4,37,21.84,4.5787545787545785,24.562728937728934
341,4,5,21.49,4.653327128897161,24.710563052582597
341,37,204,21.84,4.5787545787545785,24.712912087912088
374,7,374,22.32,4.480286738351254,49.37275985663082
374,56,374,21.09,4.74158368895211,51.0791844476055
374,374,136,23.84,4.194630872483222,52.21140939597316
374,58,374,21.09,4.74158368895211,52.57610241820768
374,125,374,21.09,4.74158368895211,52.57610241820768
374,217,374,21.09,4.74158368895211,52.57610241820768
374,7,56,19.41,5.151983513652756,55.9881504379186
374,7,58,19.41,5.151983513652756,56.8500772797527
374,7,125,19.41,5.151983513652756,56.8500772797527
374,7,217,19.41,5.151983513652756,56.8500772797527
4008,6,69,1.0,100.0,895.4100000000001
4008,6,622,1.0,100.0,895.4100000000001
4008,6,4004,1.0,100.0,895.4100000000001
4008,6,4008,1.0,100.0,895.4100000000001
4008,6,4016,1.0,100.0,895.4100000000001
4008,6,13,1.0,100.0,896.68
4008,6,187,1.0,100.0,896.68
4008,6,548,1.0,100.0,896.9200000000001
4008,6,213,1.0,100.0,897.05
4008,6,223,1.0,100.0,897.05
4013,6,18,1.0,100.0,481.75
4013,6,21,1.0,100.0,481.75
4013,6,198,1.0,100.0,481.75
4013,6,261,1.0,100.0,481.75
4013,6,271,1.0,100.0,483.81999999999994
4013,6,354,1.0,100.0,483.81999999999994
4013,6,4013,1.0,100.0,483.81999999999994
4013,1,41,1.0,100.0,485.35
4013,1,75,1.0,100.0,485.35
4013,1,4013,1.0,100.0,485.35
4005,7,18,2.0,50.0,328.95500000000004
4005,7,21,2.0,50.0,328.95500000000004
4005,7,198,2.0,50.0,328.95500000000004
4005,7,261,2.0,50.0,328.95500000000004
4005,1,632,2.0,50.0,329.03
4005,1,4005,2.0,50.0,329.03
4005,3,632,2.0,50.0,329.115
4005,3,4015,2.0,50.0,329.115
4005,3,191,2.0,50.0,329.895
4005,3,241,2.0,50.0,329.895
348,348,4003,24.03,4.161464835622139,2.7582188930503535
348,348,4014,24.03,4.161464835622139,2.7582188930503535
348,348,398,23.37,4.278990158322635,2.8485237483953783
348,17,348,20.66,4.84027105517909,3.156824782187803
348,175,348,20.66,4.84027105517909,3.156824782187803
348,19,348,20.66,4.84027105517909,3.2003872216844145
348,4003,4014,19.6,5.1020408163265305,3.348469387755102
348,4003,175,19.03,5.254860746190226,3.428796636889122
348,4014,17,19.03,5.254860746190226,3.428796636889122
348,4014,175,19.03,5.254860746190226,3.428796636889122
338,338,517,13.75,7.2727272727272725,39.39563636363636
338,171,338,12.56,7.961783439490445,43.22372611464968
338,1,338,11.47,8.718395815170009,44.016564952048824
338,52,338,12.16,8.223684210526315,44.124177631578945
338,87,338,12.16,8.223684210526315,44.124177631578945
338,181,338,12.16,8.223684210526315,44.124177631578945
338,194,338,12.16,8.223684210526315,44.124177631578945
338,333,338,12.16,8.223684210526315,44.1891447368421
338,5,338,11.4,8.771929824561402,44.28070175438596
338,93,338,12.16,8.223684210526315,45.94901315789473
4015,1,16,1.0,100.0,583.58
4015,1,129,1.0,100.0,583.58
4015,1,355,1.0,100.0,583.58
4015,1,634,1.0,100.0,583.58
4015,2,634,1.0,100.0,583.66
4015,2,4015,1.0,100.0,583.66
4015,348,7,1.0,100.0,584.49
4015,398,7,1.0,100.0,584.49
4015,7,17,1.0,100.0,587.4799999999999
4015,7,175,1.0,100.0,587.4799999999999
535,2,81,1.0,100.0,871.9699999999999
535,2,263,1.0,100.0,871.9699999999999
535,2,535,1.0,100.0,871.9699999999999
535,2,4018,1.0,100.0,871.9699999999999
535,138,7,1.0,100.0,872.3100000000001
535,2,167,1.0,100.0,872.62
535,2,199,1.0,100.0,872.62
535,2,320,1.0,100.0,872.62
535,2,142,1.0,100.0,872.9799999999999
535,2,347,1.0,100.0,873.1600000000001
539,23,7,5.0,20.0,170.472
539,26,7,5.0,20.0,170.472
539,152,7,5.0,20.0,170.472
539,248,7,5.0,20.0,170.472
539,5,66,5.0,20.0,170.67399999999998
539,5,539,5.0,20.0,170.67399999999998
539,5,4005,5.0,20.0,170.67399999999998
539,3,539,5.0,20.0,170.86200000000002
539,3,4004,5.0,20.0,170.86200000000002
539,3,4016,5.0,20.0,170.86200000000002
397,74,397,15.43,6.480881399870382,81.42255346727154
397,158,397,15.43,6.480881399870382,81.42255346727154
397,298,397,15.43,6.480881399870382,81.42255346727154
397,310,397,15.43,6.480881399870382,81.42255346727154
397,378,397,15.43,6.480881399870382,82.27090084251458
397,286,397,15.43,6.480881399870382,83.0550874918989
397,5,397,12.68,7.886435331230284,85.72870662460568
397,56,397,12.56,7.961783439490445,87.07563694267516
397,158,310,13.42,7.451564828614009,93.58047690014904
397,298,310,13.42,7.451564828614009,93.58047690014904
4022,1,4022,2.0,50.0,221.18
4022,17,135,2.0,50.0,225.21499999999997
4022,19,135,2.0,50.0,225.405
4022,4003,135,2.0,50.0,229.775
4022,4014,135,2.0,50.0,229.775
4022,2,4022,2.0,50.0,230.075
4022,135,175,2.0,50.0,230.92000000000002
4022,135,348,2.0,50.0,231.06
4022,135,398,2.0,50.0,231.06
4022,175,4022,2.0,50.0,232.7
367,367,4007,26.8,3.7313432835820897,31.67574626865672
367,367,4020,26.8,3.7313432835820897,31.67574626865672
367,29,367,23.93,4.178854993731718,35.37985791893021
367,2,367,20.52,4.8732943469785575,35.66374269005848
367,5,367,20.28,4.930966469428007,35.94378698224852
367,28,367,22.96,4.355400696864112,36.10932055749129
367,203,367,22.96,4.355400696864112,36.10932055749129
367,166,367,22.96,4.355400696864112,37.15461672473867
367,4007,4020,22.03,4.539264639128461,37.964593735814795
367,4020,29,21.76,4.595588235294118,38.52803308823529
4021,6,204,1.0,100.0,918.75
4021,6,341,1.0,100.0,919.1
4021,6,37,1.0,100.0,922.5199999999999
4021,6,131,1.0,100.0,922.5199999999999
4021,6,4021,1.0,100.0,922.5199999999999
4021,6,25,1.0,100.0,922.64
4021,6,51,1.0,100.0,922.64
4021,5,4010,1.0,100.0,924.3199999999999
4021,5,4012,1.0,100.0,924.3199999999999
4021,5,4021,1.0,100.0,924.3199999999999
4019,6,167,1.0,100.0,963.8199999999999
4019,6,199,1.0,100.0,963.8199999999999
4019,6,320,1.0,100.0,963.8199999999999
4019,6,142,1.0,100.0,964.22
4019,6,347,1.0,100.0,964.42
4019,6,62,1.0,100.0,964.5400000000001
4019,6,346,1.0,100.0,964.5400000000001
4019,6,4018,1.0,100.0,964.5400000000001
4019,6,4019,1.0,100.0,964.5400000000001
4019,6,221,1.0,100.0,965.42
445,445,4006,22.24,4.496402877697842,28.963579136690647
445,445,4022,21.78,4.591368227731864,30.060146923783286
445,22,445,19.45,5.141388174807198,33.13213367609255
445,49,445,19.45,5.141388174807198,33.13213367609255
445,138,445,19.17,5.216484089723526,33.263432446531034
445,336,445,19.17,5.216484089723526,33.394366197183096
445,2,445,17.47,5.724098454493418,33.894104178591874
445,4,445,17.3,5.780346820809248,34.41849710982658
445,272,445,19.17,5.216484089723526,34.70109546165884
445,445,135,17.01,5.878894767783656,36.45326278659612
529,2,529,14.8,6.756756756756756,46.69391891891892
529,6,529,14.62,6.839945280437757,46.84473324213406
529,529,4022,18.23,5.4854635216675804,46.94404827207899
529,45,529,16.78,5.959475566150179,48.0637663885578
529,491,529,16.78,5.959475566150179,48.32479141835518
529,159,529,16.78,5.959475566150179,48.585816448152556
529,192,529,16.78,5.959475566150179,48.585816448152556
529,10,529,16.49,6.064281382656156,48.798059429957554
529,169,529,16.5,6.0606060606060606,51.75636363636363
529,2,6,12.94,7.727975270479135,52.42658423493045
4001,137,386,1.5,66.66666666666667,800.0733333333334
4001,137,528,1.5,66.66666666666667,820.2466666666667
4001,162,634,1.5,66.66666666666667,820.8866666666668
4001,195,634,1.5,66.66666666666667,821.3133333333334
4001,523,632,1.5,66.66666666666667,854.3333333333334
4001,523,634,1.5,66.66666666666667,854.3333333333334
4001,523,4015,1.5,66.66666666666667,854.3333333333334
4001,632,4022,1.5,66.66666666666667,854.3333333333334
4001,191,523,1.5,66.66666666666667,854.8533333333335
4001,241,523,1.5,66.66666666666667,854.8533333333335
548,548,4004,24.03,4.161464835622139,36.09987515605493
548,548,4016,24.03,4.161464835622139,36.09987515605493
548,69,548,21.87,4.572473708276177,39.66117969821673
548,7,548,19.26,5.192107995846313,40.99221183800623
548,5,548,18.59,5.3792361484669176,41.40236686390532
548,13,548,20.67,4.837929366231252,41.9288824383164
548,187,548,20.67,4.837929366231252,41.9288824383164
548,213,548,20.67,4.837929366231252,41.99419448476051
548,223,548,20.67,4.837929366231252,41.99419448476051
548,4016,4004,19.6,5.1020408163265305,44.25
4003,1,2,2.0,50.0,25.679999999999996
4003,1,4003,2.0,50.0,25.94
4003,1,4014,2.0,50.0,25.94
4003,1,17,2.0,50.0,25.955000000000002
4003,1,175,2.0,50.0,25.955000000000002
4003,2,4003,2.0,50.0,26.040000000000003
4003,2,4014,2.0,50.0,26.040000000000003
4003,2,17,2.0,50.0,26.055
4003,2,175,2.0,50.0,26.055
4003,1,19,2.0,50.0,26.119999999999997
4006,2,138,2.0,50.0,294.925
4006,2,4,2.0,50.0,295.13
4006,2,336,2.0,50.0,295.495
4006,2,445,2.0,50.0,296.065
4006,2,4006,2.0,50.0,296.11
4006,2,22,2.0,50.0,296.28000000000003
4006,2,49,2.0,50.0,296.28000000000003
4006,4,138,2.0,50.0,296.59
4006,4,336,2.0,50.0,297.15500000000003
4006,4,445,2.0,50.0,297.71999999999997
4007,2,52,2.0,50.0,287.59999999999997
4007,2,87,2.0,50.0,287.59999999999997
4007,2,181,2.0,50.0,287.59999999999997
4007,2,194,2.0,50.0,287.59999999999997
4007,2,333,2.0,50.0,287.71
4007,5,17,2.0,50.0,287.8
4007,5,175,2.0,50.0,287.8
4007,5,19,2.0,50.0,287.82
4007,5,348,2.0,50.0,287.83500000000004
4007,5,398,2.0,50.0,287.83500000000004
4004,333,7,2.0,50.0,323.72
4004,338,7,2.0,50.0,324.16
4004,5,4015,2.0,50.0,324.29
4004,1,69,2.0,50.0,324.65500000000003
4004,1,4004,2.0,50.0,324.65500000000003
4004,1,4016,2.0,50.0,324.65500000000003
4004,7,52,2.0,50.0,324.96
4004,7,87,2.0,50.0,324.96
4004,7,181,2.0,50.0,324.96
4004,7,194,2.0,50.0,324.96
4020,2,52,2.0,50.0,287.59999999999997
4020,2,87,2.0,50.0,287.59999999999997
4020,2,181,2.0,50.0,287.59999999999997
4020,2,194,2.0,50.0,287.59999999999997
4020,2,333,2.0,50.0,287.71
4020,5,17,2.0,50.0,287.8
4020,5,175,2.0,50.0,287.8
4020,5,19,2.0,50.0,287.82
4020,5,348,2.0,50.0,287.83500000000004
4020,5,398,2.0,50.0,287.83500000000004
4018,5,167,2.0,50.0,369.08500000000004
4018,5,199,2.0,50.0,369.08500000000004
4018,5,320,2.0,50.0,369.08500000000004
4018,5,70,2.0,50.0,369.225
4018,5,4018,2.0,50.0,369.225
4018,5,142,2.0,50.0,369.27
4018,5,347,2.0,50.0,369.36
4018,204,7,2.0,50.0,369.71
4018,5,67,2.0,50.0,369.825
4018,5,221,2.0,50.0,369.825
4012,6,138,2.0,50.0,405.055
4012,6,336,2.0,50.0,405.29
4012,6,445,2.0,50.0,405.52000000000004
4012,6,22,2.0,50.0,406.29499999999996
4012,6,49,2.0,50.0,406.29499999999996
4012,6,229,2.0,50.0,406.755
4012,6,4006,2.0,50.0,406.755
4012,4,10,2.0,50.0,407.615
4012,6,272,2.0,50.0,407.615
4012,2,4012,2.0,50.0,408.04999999999995
